GEO.id,GEO.id2,GEO.display-label,HD01_VD01,HD02_VD01,HD01_VD02,HD02_VD02,HD01_VD03,HD02_VD03,HD01_VD04,HD02_VD04,HD01_VD05,HD02_VD05,HD01_VD06,HD02_VD06,HD01_VD07,HD02_VD07
Id,Id2,Geography,Estimate; Total:,Margin of Error; Total:,Estimate; Total: - No bedroom,Margin of Error; Total: - No bedroom,Estimate; Total: - 1 bedroom,Margin of Error; Total: - 1 bedroom,Estimate; Total: - 2 bedrooms,Margin of Error; Total: - 2 bedrooms,Estimate; Total: - 3 bedrooms,Margin of Error; Total: - 3 bedrooms,Estimate; Total: - 4 bedrooms,Margin of Error; Total: - 4 bedrooms,Estimate; Total: - 5 or more bedrooms,Margin of Error; Total: - 5 or more bedrooms
1500000US250250001001,250250001001,"Block Group 1, Census Tract 1, Suffolk County, Massachusetts",560,123,8,12,120,62,193,81,183,101,56,50,0,12
1500000US250250001002,250250001002,"Block Group 2, Census Tract 1, Suffolk County, Massachusetts",485,109,9,14,30,29,239,89,132,76,36,34,39,29
1500000US250250001003,250250001003,"Block Group 3, Census Tract 1, Suffolk County, Massachusetts",219,85,0,12,0,12,128,69,52,53,0,12,39,49
1500000US250250001004,250250001004,"Block Group 4, Census Tract 1, Suffolk County, Massachusetts",422,120,0,12,18,21,210,99,168,86,8,12,18,22
1500000US250250002011,250250002011,"Block Group 1, Census Tract 2.01, Suffolk County, Massachusetts",424,75,0,12,37,42,191,72,122,64,61,44,13,18
1500000US250250002012,250250002012,"Block Group 2, Census Tract 2.01, Suffolk County, Massachusetts",185,64,9,14,9,15,114,60,25,18,14,18,14,17
1500000US250250002013,250250002013,"Block Group 3, Census Tract 2.01, Suffolk County, Massachusetts",544,90,27,42,71,46,179,68,135,57,74,42,58,56
1500000US250250002014,250250002014,"Block Group 4, Census Tract 2.01, Suffolk County, Massachusetts",386,79,0,12,108,51,159,70,102,54,17,20,0,12
1500000US250250002021,250250002021,"Block Group 1, Census Tract 2.02, Suffolk County, Massachusetts",521,98,8,12,64,39,170,77,200,85,69,42,10,16
1500000US250250002022,250250002022,"Block Group 2, Census Tract 2.02, Suffolk County, Massachusetts",393,75,19,29,75,38,138,76,91,49,70,46,0,12
1500000US250250002023,250250002023,"Block Group 3, Census Tract 2.02, Suffolk County, Massachusetts",314,82,0,12,0,12,162,63,59,35,89,64,4,8
1500000US250250002024,250250002024,"Block Group 4, Census Tract 2.02, Suffolk County, Massachusetts",268,76,0,12,34,40,83,57,151,72,0,12,0,12
1500000US250250003011,250250003011,"Block Group 1, Census Tract 3.01, Suffolk County, Massachusetts",261,60,0,12,30,28,131,56,83,53,17,19,0,12
1500000US250250003012,250250003012,"Block Group 2, Census Tract 3.01, Suffolk County, Massachusetts",308,88,0,12,23,26,125,69,81,55,63,57,16,18
1500000US250250003013,250250003013,"Block Group 3, Census Tract 3.01, Suffolk County, Massachusetts",292,72,11,17,0,12,213,67,30,29,38,51,0,12
1500000US250250003014,250250003014,"Block Group 4, Census Tract 3.01, Suffolk County, Massachusetts",340,68,6,9,153,66,138,53,35,25,8,15,0,12
1500000US250250003021,250250003021,"Block Group 1, Census Tract 3.02, Suffolk County, Massachusetts",617,78,0,12,0,12,280,74,293,83,44,52,0,12
1500000US250250003022,250250003022,"Block Group 2, Census Tract 3.02, Suffolk County, Massachusetts",736,81,42,67,118,62,278,106,237,72,34,25,27,24
1500000US250250004011,250250004011,"Block Group 1, Census Tract 4.01, Suffolk County, Massachusetts",738,124,51,42,358,116,206,91,87,79,36,40,0,12
1500000US250250004012,250250004012,"Block Group 2, Census Tract 4.01, Suffolk County, Massachusetts",467,120,9,13,125,65,260,134,73,64,0,12,0,12
1500000US250250004013,250250004013,"Block Group 3, Census Tract 4.01, Suffolk County, Massachusetts",422,94,16,24,65,45,132,90,175,70,34,24,0,12
1500000US250250004014,250250004014,"Block Group 4, Census Tract 4.01, Suffolk County, Massachusetts",1120,142,231,120,565,143,224,83,21,26,32,31,47,35
1500000US250250004021,250250004021,"Block Group 1, Census Tract 4.02, Suffolk County, Massachusetts",543,90,44,48,101,37,130,56,205,78,63,40,0,12
1500000US250250004022,250250004022,"Block Group 2, Census Tract 4.02, Suffolk County, Massachusetts",414,84,0,12,132,62,109,78,114,76,53,45,6,12
1500000US250250004023,250250004023,"Block Group 3, Census Tract 4.02, Suffolk County, Massachusetts",524,104,18,19,115,64,210,66,96,60,28,23,57,54
1500000US250250005021,250250005021,"Block Group 1, Census Tract 5.02, Suffolk County, Massachusetts",506,87,23,18,145,56,221,79,113,56,0,12,4,7
1500000US250250005022,250250005022,"Block Group 2, Census Tract 5.02, Suffolk County, Massachusetts",519,98,58,37,293,98,115,62,46,32,0,12,7,10
1500000US250250005023,250250005023,"Block Group 3, Census Tract 5.02, Suffolk County, Massachusetts",869,88,60,53,559,87,175,70,58,57,9,10,8,12
1500000US250250005024,250250005024,"Block Group 4, Census Tract 5.02, Suffolk County, Massachusetts",0,12,0,12,0,12,0,12,0,12,0,12,0,12
1500000US250250005031,250250005031,"Block Group 1, Census Tract 5.03, Suffolk County, Massachusetts",410,82,0,12,155,64,208,78,6,9,41,52,0,12
1500000US250250005032,250250005032,"Block Group 2, Census Tract 5.03, Suffolk County, Massachusetts",875,77,129,78,448,100,271,83,19,18,8,12,0,12
1500000US250250005041,250250005041,"Block Group 1, Census Tract 5.04, Suffolk County, Massachusetts",648,130,54,48,266,121,302,109,26,32,0,12,0,12
1500000US250250005042,250250005042,"Block Group 2, Census Tract 5.04, Suffolk County, Massachusetts",817,137,34,41,555,126,172,103,56,53,0,12,0,12
1500000US250250005043,250250005043,"Block Group 3, Census Tract 5.04, Suffolk County, Massachusetts",666,125,19,30,285,106,293,129,0,12,37,42,32,33
1500000US250250005044,250250005044,"Block Group 4, Census Tract 5.04, Suffolk County, Massachusetts",463,102,13,21,291,116,118,79,22,35,8,13,11,18
1500000US250250006011,250250006011,"Block Group 1, Census Tract 6.01, Suffolk County, Massachusetts",158,49,0,12,8,11,33,24,48,39,14,16,55,30
1500000US250250006012,250250006012,"Block Group 2, Census Tract 6.01, Suffolk County, Massachusetts",583,86,15,17,164,67,222,69,96,61,29,26,57,41
1500000US250250006013,250250006013,"Block Group 3, Census Tract 6.01, Suffolk County, Massachusetts",295,52,0,12,28,22,128,47,106,49,7,11,26,23
1500000US250250006014,250250006014,"Block Group 4, Census Tract 6.01, Suffolk County, Massachusetts",442,66,0,12,137,58,202,60,75,39,21,28,7,10
1500000US250250006021,250250006021,"Block Group 1, Census Tract 6.02, Suffolk County, Massachusetts",681,106,64,48,165,63,311,102,94,49,12,15,35,31
1500000US250250006022,250250006022,"Block Group 2, Census Tract 6.02, Suffolk County, Massachusetts",548,70,41,28,327,69,107,60,65,33,0,12,8,13
1500000US250250006023,250250006023,"Block Group 3, Census Tract 6.02, Suffolk County, Massachusetts",650,102,9,14,307,70,155,75,171,88,8,12,0,12
1500000US250250007011,250250007011,"Block Group 1, Census Tract 7.01, Suffolk County, Massachusetts",586,125,38,33,277,99,211,109,60,72,0,12,0,12
1500000US250250007012,250250007012,"Block Group 2, Census Tract 7.01, Suffolk County, Massachusetts",214,58,15,24,131,66,33,53,17,18,18,21,0,12
1500000US250250007013,250250007013,"Block Group 3, Census Tract 7.01, Suffolk County, Massachusetts",282,74,19,23,117,72,146,56,0,12,0,12,0,12
1500000US250250007014,250250007014,"Block Group 4, Census Tract 7.01, Suffolk County, Massachusetts",452,105,16,26,171,75,211,103,29,32,25,24,0,12
1500000US250250007015,250250007015,"Block Group 5, Census Tract 7.01, Suffolk County, Massachusetts",670,128,37,58,166,83,247,99,206,113,14,22,0,12
1500000US250250007031,250250007031,"Block Group 1, Census Tract 7.03, Suffolk County, Massachusetts",579,84,139,77,236,71,196,66,0,12,0,12,8,12
1500000US250250007032,250250007032,"Block Group 2, Census Tract 7.03, Suffolk County, Massachusetts",548,60,42,29,244,64,152,55,48,37,31,19,31,30
1500000US250250007041,250250007041,"Block Group 1, Census Tract 7.04, Suffolk County, Massachusetts",860,128,35,23,331,125,372,131,76,72,26,32,20,19
1500000US250250007042,250250007042,"Block Group 2, Census Tract 7.04, Suffolk County, Massachusetts",474,137,64,64,219,95,117,67,53,58,21,28,0,12
1500000US250250007043,250250007043,"Block Group 3, Census Tract 7.04, Suffolk County, Massachusetts",609,113,19,25,415,119,122,81,33,34,20,30,0,12
1500000US250250007044,250250007044,"Block Group 4, Census Tract 7.04, Suffolk County, Massachusetts",394,83,28,30,176,70,178,97,12,36,0,12,0,12
1500000US250250008021,250250008021,"Block Group 1, Census Tract 8.02, Suffolk County, Massachusetts",441,79,30,36,156,75,95,63,60,49,46,44,54,50
1500000US250250008022,250250008022,"Block Group 2, Census Tract 8.02, Suffolk County, Massachusetts",756,125,31,35,154,88,367,113,66,44,85,57,53,50
1500000US250250008023,250250008023,"Block Group 3, Census Tract 8.02, Suffolk County, Massachusetts",189,57,0,12,13,20,42,35,73,58,10,18,51,50
1500000US250250008024,250250008024,"Block Group 4, Census Tract 8.02, Suffolk County, Massachusetts",755,96,31,36,63,61,211,91,183,86,148,83,119,78
1500000US250250008025,250250008025,"Block Group 5, Census Tract 8.02, Suffolk County, Massachusetts",731,137,117,93,392,111,197,98,25,27,0,12,0,12
1500000US250250008031,250250008031,"Block Group 1, Census Tract 8.03, Suffolk County, Massachusetts",870,52,93,44,357,77,277,66,135,55,8,12,0,12
1500000US250250008032,250250008032,"Block Group 2, Census Tract 8.03, Suffolk County, Massachusetts",0,12,0,12,0,12,0,12,0,12,0,12,0,12
1500000US250250101031,250250101031,"Block Group 1, Census Tract 101.03, Suffolk County, Massachusetts",330,44,176,52,96,38,36,23,6,10,16,25,0,12
1500000US250250101032,250250101032,"Block Group 2, Census Tract 101.03, Suffolk County, Massachusetts",38,28,16,24,16,14,6,9,0,12,0,12,0,12
1500000US250250101033,250250101033,"Block Group 3, Census Tract 101.03, Suffolk County, Massachusetts",105,40,29,29,54,30,22,19,0,12,0,12,0,12
1500000US250250101041,250250101041,"Block Group 1, Census Tract 101.04, Suffolk County, Massachusetts",849,94,101,57,312,102,369,81,67,37,0,12,0,12
1500000US250250101042,250250101042,"Block Group 2, Census Tract 101.04, Suffolk County, Massachusetts",546,94,89,47,252,71,166,58,31,29,8,12,0,12
1500000US250250101043,250250101043,"Block Group 3, Census Tract 101.04, Suffolk County, Massachusetts",604,101,158,64,239,76,149,73,42,45,5,8,11,17
1500000US250250102031,250250102031,"Block Group 1, Census Tract 102.03, Suffolk County, Massachusetts",595,120,36,41,292,124,207,113,60,47,0,12,0,12
1500000US250250102032,250250102032,"Block Group 2, Census Tract 102.03, Suffolk County, Massachusetts",1323,190,273,125,722,207,309,123,19,28,0,12,0,12
1500000US250250102033,250250102033,"Block Group 3, Census Tract 102.03, Suffolk County, Massachusetts",1121,175,272,145,723,179,109,89,17,25,0,12,0,12
1500000US250250102034,250250102034,"Block Group 4, Census Tract 102.03, Suffolk County, Massachusetts",208,65,44,46,98,60,66,39,0,12,0,12,0,12
1500000US250250102041,250250102041,"Block Group 1, Census Tract 102.04, Suffolk County, Massachusetts",226,74,71,58,118,50,37,40,0,12,0,12,0,12
1500000US250250102042,250250102042,"Block Group 2, Census Tract 102.04, Suffolk County, Massachusetts",406,86,84,60,135,65,101,59,69,31,4,6,13,17
1500000US250250102043,250250102043,"Block Group 3, Census Tract 102.04, Suffolk County, Massachusetts",498,91,127,48,172,80,134,78,63,42,0,12,2,4
1500000US250250103001,250250103001,"Block Group 1, Census Tract 103, Suffolk County, Massachusetts",152,25,57,25,87,29,8,11,0,12,0,12,0,12
1500000US250250103002,250250103002,"Block Group 2, Census Tract 103, Suffolk County, Massachusetts",159,29,64,29,83,31,7,10,5,7,0,12,0,12
1500000US250250104031,250250104031,"Block Group 1, Census Tract 104.03, Suffolk County, Massachusetts",868,136,302,107,362,134,113,98,46,47,33,47,12,21
1500000US250250104032,250250104032,"Block Group 2, Census Tract 104.03, Suffolk County, Massachusetts",520,116,228,108,210,77,41,38,41,59,0,12,0,12
1500000US250250104033,250250104033,"Block Group 3, Census Tract 104.03, Suffolk County, Massachusetts",567,128,11,18,425,135,65,57,2,9,64,71,0,12
1500000US250250104041,250250104041,"Block Group 1, Census Tract 104.04, Suffolk County, Massachusetts",910,133,191,69,253,101,356,136,95,84,0,12,15,18
1500000US250250104042,250250104042,"Block Group 2, Census Tract 104.04, Suffolk County, Massachusetts",137,48,4,7,57,31,52,34,24,34,0,12,0,12
1500000US250250104043,250250104043,"Block Group 3, Census Tract 104.04, Suffolk County, Massachusetts",487,117,22,25,132,68,257,86,39,48,37,58,0,12
1500000US250250104051,250250104051,"Block Group 1, Census Tract 104.05, Suffolk County, Massachusetts",13,13,0,12,0,12,6,8,0,12,0,12,7,10
1500000US250250104052,250250104052,"Block Group 2, Census Tract 104.05, Suffolk County, Massachusetts",552,50,75,48,215,52,195,55,44,26,23,20,0,12
1500000US250250104053,250250104053,"Block Group 3, Census Tract 104.05, Suffolk County, Massachusetts",365,49,127,46,180,51,31,21,22,25,0,12,5,7
1500000US250250104081,250250104081,"Block Group 1, Census Tract 104.08, Suffolk County, Massachusetts",964,34,202,73,466,93,234,78,24,22,38,46,0,12
1500000US250250105001,250250105001,"Block Group 1, Census Tract 105, Suffolk County, Massachusetts",344,78,29,22,238,82,65,43,12,13,0,12,0,12
1500000US250250105002,250250105002,"Block Group 2, Census Tract 105, Suffolk County, Massachusetts",801,108,118,60,359,97,176,69,148,73,0,12,0,12
1500000US250250105003,250250105003,"Block Group 3, Census Tract 105, Suffolk County, Massachusetts",589,95,53,35,365,89,123,64,38,34,10,16,0,12
1500000US250250106001,250250106001,"Block Group 1, Census Tract 106, Suffolk County, Massachusetts",1490,129,127,50,754,137,475,116,134,70,0,12,0,12
1500000US250250106002,250250106002,"Block Group 2, Census Tract 106, Suffolk County, Massachusetts",844,109,193,75,311,110,286,70,39,36,15,20,0,12
1500000US250250107011,250250107011,"Block Group 1, Census Tract 107.01, Suffolk County, Massachusetts",583,105,80,52,275,111,115,70,97,59,0,12,16,19
1500000US250250107012,250250107012,"Block Group 2, Census Tract 107.01, Suffolk County, Massachusetts",600,105,109,73,188,81,193,72,78,60,9,14,23,24
1500000US250250107013,250250107013,"Block Group 3, Census Tract 107.01, Suffolk County, Massachusetts",491,91,52,48,290,71,95,49,54,33,0,12,0,12
1500000US250250107021,250250107021,"Block Group 1, Census Tract 107.02, Suffolk County, Massachusetts",636,96,94,65,301,95,101,68,94,74,46,57,0,12
1500000US250250107022,250250107022,"Block Group 2, Census Tract 107.02, Suffolk County, Massachusetts",384,78,99,67,113,48,96,52,51,36,18,28,7,12
1500000US250250107023,250250107023,"Block Group 3, Census Tract 107.02, Suffolk County, Massachusetts",638,80,72,46,244,70,193,66,94,59,35,27,0,12
1500000US250250108011,250250108011,"Block Group 1, Census Tract 108.01, Suffolk County, Massachusetts",431,103,69,51,172,80,130,79,38,33,22,20,0,12
1500000US250250108012,250250108012,"Block Group 2, Census Tract 108.01, Suffolk County, Massachusetts",711,103,134,72,208,74,282,78,79,72,8,14,0,12
1500000US250250108013,250250108013,"Block Group 3, Census Tract 108.01, Suffolk County, Massachusetts",834,109,174,85,244,86,270,90,146,73,0,12,0,12
1500000US250250108021,250250108021,"Block Group 1, Census Tract 108.02, Suffolk County, Massachusetts",683,111,85,68,365,112,198,67,18,17,14,16,3,6
1500000US250250108022,250250108022,"Block Group 2, Census Tract 108.02, Suffolk County, Massachusetts",976,120,144,98,378,94,381,110,42,37,23,35,8,12
1500000US250250108023,250250108023,"Block Group 3, Census Tract 108.02, Suffolk County, Massachusetts",390,69,99,61,84,43,101,44,60,36,19,21,27,26
1500000US250250201011,250250201011,"Block Group 1, Census Tract 201.01, Suffolk County, Massachusetts",498,153,30,38,271,137,120,95,17,27,44,42,16,25
1500000US250250201012,250250201012,"Block Group 2, Census Tract 201.01, Suffolk County, Massachusetts",692,167,202,123,230,95,120,120,74,81,41,35,25,30
1500000US250250201013,250250201013,"Block Group 3, Census Tract 201.01, Suffolk County, Massachusetts",806,145,128,114,335,119,158,86,99,76,56,50,30,35
1500000US250250201014,250250201014,"Block Group 4, Census Tract 201.01, Suffolk County, Massachusetts",881,162,93,70,404,136,250,137,66,48,40,44,28,34
1500000US250250202001,250250202001,"Block Group 1, Census Tract 202, Suffolk County, Massachusetts",1002,124,294,103,359,121,260,101,80,68,0,12,9,15
1500000US250250202002,250250202002,"Block Group 2, Census Tract 202, Suffolk County, Massachusetts",735,117,52,63,269,113,309,101,94,55,11,17,0,12
1500000US250250202003,250250202003,"Block Group 3, Census Tract 202, Suffolk County, Massachusetts",654,105,139,92,289,92,148,75,59,39,19,20,0,12
1500000US250250203011,250250203011,"Block Group 1, Census Tract 203.01, Suffolk County, Massachusetts",239,70,0,12,153,59,86,70,0,12,0,12,0,12
1500000US250250203012,250250203012,"Block Group 2, Census Tract 203.01, Suffolk County, Massachusetts",1204,85,162,71,695,124,258,92,71,52,18,20,0,12
1500000US250250203021,250250203021,"Block Group 1, Census Tract 203.02, Suffolk County, Massachusetts",667,48,100,47,236,65,238,61,63,29,17,20,13,13
1500000US250250203031,250250203031,"Block Group 1, Census Tract 203.03, Suffolk County, Massachusetts",788,138,215,94,448,135,37,35,88,56,0,12,0,12
1500000US250250203032,250250203032,"Block Group 2, Census Tract 203.03, Suffolk County, Massachusetts",340,87,0,12,205,100,111,51,24,29,0,12,0,12
1500000US250250203033,250250203033,"Block Group 3, Census Tract 203.03, Suffolk County, Massachusetts",845,123,76,54,511,118,215,74,43,32,0,12,0,12
1500000US250250301001,250250301001,"Block Group 1, Census Tract 301, Suffolk County, Massachusetts",836,96,94,47,395,97,277,91,70,44,0,12,0,12
1500000US250250301002,250250301002,"Block Group 2, Census Tract 301, Suffolk County, Massachusetts",524,93,9,14,234,87,239,97,21,21,13,20,8,12
1500000US250250302001,250250302001,"Block Group 1, Census Tract 302, Suffolk County, Massachusetts",1083,73,139,78,520,109,393,99,25,25,6,8,0,12
1500000US250250303001,250250303001,"Block Group 1, Census Tract 303, Suffolk County, Massachusetts",1648,148,64,69,826,187,623,184,109,71,14,25,12,20
1500000US250250303002,250250303002,"Block Group 2, Census Tract 303, Suffolk County, Massachusetts",536,112,26,31,279,102,178,108,53,48,0,12,0,12
1500000US250250303003,250250303003,"Block Group 3, Census Tract 303, Suffolk County, Massachusetts",580,128,154,83,299,132,85,66,15,25,12,18,15,23
1500000US250250303004,250250303004,"Block Group 4, Census Tract 303, Suffolk County, Massachusetts",498,120,0,12,414,120,69,53,15,23,0,12,0,12
1500000US250250304001,250250304001,"Block Group 1, Census Tract 304, Suffolk County, Massachusetts",965,89,69,51,440,87,283,88,152,73,13,21,8,15
1500000US250250304002,250250304002,"Block Group 2, Census Tract 304, Suffolk County, Massachusetts",673,98,30,29,462,103,148,66,16,18,0,12,17,14
1500000US250250305001,250250305001,"Block Group 1, Census Tract 305, Suffolk County, Massachusetts",375,61,0,12,101,52,192,58,61,49,13,14,8,14
1500000US250250305002,250250305002,"Block Group 2, Census Tract 305, Suffolk County, Massachusetts",684,92,58,41,210,68,371,83,45,30,0,12,0,12
1500000US250250305003,250250305003,"Block Group 3, Census Tract 305, Suffolk County, Massachusetts",543,95,37,40,304,87,160,62,18,17,24,38,0,12
1500000US250250401001,250250401001,"Block Group 1, Census Tract 401, Suffolk County, Massachusetts",501,66,34,33,141,55,199,57,80,34,38,28,9,16
1500000US250250401002,250250401002,"Block Group 2, Census Tract 401, Suffolk County, Massachusetts",760,70,10,15,255,92,302,95,91,47,88,51,14,16
1500000US250250402001,250250402001,"Block Group 1, Census Tract 402, Suffolk County, Massachusetts",310,47,0,12,52,30,98,43,85,39,75,43,0,12
1500000US250250402002,250250402002,"Block Group 2, Census Tract 402, Suffolk County, Massachusetts",432,47,23,18,146,49,103,41,96,34,57,26,7,8
1500000US250250403001,250250403001,"Block Group 1, Census Tract 403, Suffolk County, Massachusetts",454,131,12,19,70,63,251,128,116,91,0,12,5,8
1500000US250250403002,250250403002,"Block Group 2, Census Tract 403, Suffolk County, Massachusetts",752,111,0,12,244,91,228,82,174,98,84,49,22,24
1500000US250250403003,250250403003,"Block Group 3, Census Tract 403, Suffolk County, Massachusetts",314,78,0,12,88,44,137,70,78,45,11,17,0,12
1500000US250250403004,250250403004,"Block Group 4, Census Tract 403, Suffolk County, Massachusetts",329,94,11,18,95,64,93,48,105,76,25,20,0,12
1500000US250250403005,250250403005,"Block Group 5, Census Tract 403, Suffolk County, Massachusetts",312,52,9,14,58,38,122,63,99,45,24,18,0,12
1500000US250250404011,250250404011,"Block Group 1, Census Tract 404.01, Suffolk County, Massachusetts",886,80,81,66,151,78,291,93,248,62,84,58,31,35
1500000US250250404012,250250404012,"Block Group 2, Census Tract 404.01, Suffolk County, Massachusetts",389,78,4,7,218,73,97,48,46,33,8,12,16,24
1500000US250250406001,250250406001,"Block Group 1, Census Tract 406, Suffolk County, Massachusetts",517,73,7,11,186,76,107,67,160,59,34,29,23,17
1500000US250250406002,250250406002,"Block Group 2, Census Tract 406, Suffolk County, Massachusetts",904,72,40,30,167,64,380,95,186,63,108,72,23,21
1500000US250250408011,250250408011,"Block Group 1, Census Tract 408.01, Suffolk County, Massachusetts",544,92,1,10,237,106,214,87,72,58,20,34,0,12
1500000US250250408012,250250408012,"Block Group 2, Census Tract 408.01, Suffolk County, Massachusetts",328,99,34,53,0,12,113,86,166,82,15,20,0,12
1500000US250250408013,250250408013,"Block Group 3, Census Tract 408.01, Suffolk County, Massachusetts",1381,113,65,47,790,141,451,117,75,55,0,12,0,12
1500000US250250501011,250250501011,"Block Group 1, Census Tract 501.01, Suffolk County, Massachusetts",531,81,31,37,11,19,160,66,227,82,102,61,0,12
1500000US250250501012,250250501012,"Block Group 2, Census Tract 501.01, Suffolk County, Massachusetts",771,110,68,44,270,86,233,89,105,62,95,58,0,12
1500000US250250501013,250250501013,"Block Group 3, Census Tract 501.01, Suffolk County, Massachusetts",639,82,74,47,178,75,169,76,196,74,14,22,8,12
1500000US250250502001,250250502001,"Block Group 1, Census Tract 502, Suffolk County, Massachusetts",839,132,25,39,187,78,237,97,327,126,63,62,0,12
1500000US250250502002,250250502002,"Block Group 2, Census Tract 502, Suffolk County, Massachusetts",470,100,73,64,144,70,133,49,76,58,32,39,12,18
1500000US250250502003,250250502003,"Block Group 3, Census Tract 502, Suffolk County, Massachusetts",296,98,0,12,16,19,68,55,140,82,72,64,0,12
1500000US250250502004,250250502004,"Block Group 4, Census Tract 502, Suffolk County, Massachusetts",388,108,0,12,50,54,198,89,94,52,30,33,16,18
1500000US250250503001,250250503001,"Block Group 1, Census Tract 503, Suffolk County, Massachusetts",254,48,13,14,43,30,136,49,51,32,11,19,0,12
1500000US250250503002,250250503002,"Block Group 2, Census Tract 503, Suffolk County, Massachusetts",831,57,182,67,368,70,168,63,70,35,43,28,0,12
1500000US250250504001,250250504001,"Block Group 1, Census Tract 504, Suffolk County, Massachusetts",336,62,44,34,100,47,120,52,45,40,10,11,17,22
1500000US250250504002,250250504002,"Block Group 2, Census Tract 504, Suffolk County, Massachusetts",774,60,79,39,255,62,272,68,129,56,28,21,11,16
1500000US250250505001,250250505001,"Block Group 1, Census Tract 505, Suffolk County, Massachusetts",770,35,54,36,112,50,395,68,127,48,63,29,19,18
1500000US250250506001,250250506001,"Block Group 1, Census Tract 506, Suffolk County, Massachusetts",486,81,72,41,55,27,187,70,153,57,19,21,0,12
1500000US250250506002,250250506002,"Block Group 2, Census Tract 506, Suffolk County, Massachusetts",389,82,28,32,58,40,194,66,105,51,0,12,4,7
1500000US250250507001,250250507001,"Block Group 1, Census Tract 507, Suffolk County, Massachusetts",921,99,66,53,141,75,379,95,326,119,0,12,9,13
1500000US250250507002,250250507002,"Block Group 2, Census Tract 507, Suffolk County, Massachusetts",413,93,0,12,40,38,211,81,79,53,59,54,24,22
1500000US250250507003,250250507003,"Block Group 3, Census Tract 507, Suffolk County, Massachusetts",420,91,0,12,61,38,242,93,117,71,0,12,0,12
1500000US250250509011,250250509011,"Block Group 1, Census Tract 509.01, Suffolk County, Massachusetts",454,90,19,29,75,46,195,62,113,47,39,37,13,14
1500000US250250509012,250250509012,"Block Group 2, Census Tract 509.01, Suffolk County, Massachusetts",893,91,19,20,192,84,302,111,260,86,92,60,28,27
1500000US250250509013,250250509013,"Block Group 3, Census Tract 509.01, Suffolk County, Massachusetts",212,60,8,13,48,35,136,66,20,23,0,12,0,12
1500000US250250510001,250250510001,"Block Group 1, Census Tract 510, Suffolk County, Massachusetts",924,110,11,16,169,77,335,108,345,106,15,13,49,33
1500000US250250510002,250250510002,"Block Group 2, Census Tract 510, Suffolk County, Massachusetts",419,72,8,12,139,51,183,59,89,49,0,12,0,12
1500000US250250510003,250250510003,"Block Group 3, Census Tract 510, Suffolk County, Massachusetts",507,96,37,41,43,33,240,96,175,79,0,12,12,18
1500000US250250511011,250250511011,"Block Group 1, Census Tract 511.01, Suffolk County, Massachusetts",583,135,0,12,101,67,214,89,186,106,82,96,0,12
1500000US250250511012,250250511012,"Block Group 2, Census Tract 511.01, Suffolk County, Massachusetts",802,143,35,54,52,50,404,150,234,113,77,60,0,12
1500000US250250511013,250250511013,"Block Group 3, Census Tract 511.01, Suffolk County, Massachusetts",677,149,0,12,19,32,243,99,258,126,119,74,38,44
1500000US250250511014,250250511014,"Block Group 4, Census Tract 511.01, Suffolk County, Massachusetts",445,103,28,44,13,21,182,88,136,79,86,68,0,12
1500000US250250512001,250250512001,"Block Group 1, Census Tract 512, Suffolk County, Massachusetts",45,52,0,12,0,12,36,57,0,12,9,14,0,12
1500000US250250512002,250250512002,"Block Group 2, Census Tract 512, Suffolk County, Massachusetts",758,99,47,42,57,39,404,127,160,61,39,38,51,38
1500000US250250512003,250250512003,"Block Group 3, Census Tract 512, Suffolk County, Massachusetts",415,74,0,12,144,63,213,63,58,55,0,12,0,12
1500000US250250601011,250250601011,"Block Group 1, Census Tract 601.01, Suffolk County, Massachusetts",430,61,8,13,34,22,148,56,161,70,59,41,20,27
1500000US250250601012,250250601012,"Block Group 2, Census Tract 601.01, Suffolk County, Massachusetts",351,80,35,40,62,46,203,65,42,31,9,14,0,12
1500000US250250601013,250250601013,"Block Group 3, Census Tract 601.01, Suffolk County, Massachusetts",423,74,0,12,99,63,170,50,154,65,0,12,0,12
1500000US250250601014,250250601014,"Block Group 4, Census Tract 601.01, Suffolk County, Massachusetts",508,82,46,38,75,43,298,86,89,56,0,12,0,12
1500000US250250602001,250250602001,"Block Group 1, Census Tract 602, Suffolk County, Massachusetts",501,65,13,14,120,60,130,48,186,65,28,32,24,25
1500000US250250602002,250250602002,"Block Group 2, Census Tract 602, Suffolk County, Massachusetts",554,69,0,12,75,42,144,38,210,54,114,59,11,8
1500000US250250603011,250250603011,"Block Group 1, Census Tract 603.01, Suffolk County, Massachusetts",777,98,61,45,284,87,251,93,111,64,70,49,0,12
1500000US250250603012,250250603012,"Block Group 2, Census Tract 603.01, Suffolk County, Massachusetts",372,76,0,12,79,46,240,74,15,18,38,37,0,12
1500000US250250603013,250250603013,"Block Group 3, Census Tract 603.01, Suffolk County, Massachusetts",589,88,54,40,166,68,200,73,143,68,8,13,18,26
1500000US250250604001,250250604001,"Block Group 1, Census Tract 604, Suffolk County, Massachusetts",496,103,17,28,46,41,268,107,143,103,12,20,10,17
1500000US250250604002,250250604002,"Block Group 2, Census Tract 604, Suffolk County, Massachusetts",633,134,0,12,197,96,227,125,143,114,66,80,0,12
1500000US250250604003,250250604003,"Block Group 3, Census Tract 604, Suffolk County, Massachusetts",651,153,97,115,183,113,234,96,111,109,14,21,12,22
1500000US250250604004,250250604004,"Block Group 4, Census Tract 604, Suffolk County, Massachusetts",570,133,60,72,204,105,288,112,18,29,0,12,0,12
1500000US250250604005,250250604005,"Block Group 5, Census Tract 604, Suffolk County, Massachusetts",354,97,0,12,141,73,115,84,89,47,9,18,0,12
1500000US250250605011,250250605011,"Block Group 1, Census Tract 605.01, Suffolk County, Massachusetts",447,85,0,12,92,51,200,81,113,50,42,35,0,12
1500000US250250605012,250250605012,"Block Group 2, Census Tract 605.01, Suffolk County, Massachusetts",520,94,0,12,155,65,278,89,47,42,11,17,29,35
1500000US250250605013,250250605013,"Block Group 3, Census Tract 605.01, Suffolk County, Massachusetts",417,66,0,12,133,54,172,54,62,35,34,33,16,16
1500000US250250605014,250250605014,"Block Group 4, Census Tract 605.01, Suffolk County, Massachusetts",318,69,13,21,32,22,201,64,72,56,0,12,0,12
1500000US250250605015,250250605015,"Block Group 5, Census Tract 605.01, Suffolk County, Massachusetts",327,61,0,12,45,25,169,56,93,47,20,24,0,12
1500000US250250606001,250250606001,"Block Group 1, Census Tract 606, Suffolk County, Massachusetts",1585,102,145,70,624,127,611,127,178,71,27,25,0,12
1500000US250250607001,250250607001,"Block Group 1, Census Tract 607, Suffolk County, Massachusetts",255,55,0,12,84,46,71,39,84,43,5,7,11,17
1500000US250250607002,250250607002,"Block Group 2, Census Tract 607, Suffolk County, Massachusetts",583,64,17,27,71,39,119,45,217,66,137,46,22,22
1500000US250250608001,250250608001,"Block Group 1, Census Tract 608, Suffolk County, Massachusetts",336,134,0,12,0,12,153,86,81,95,92,65,10,17
1500000US250250608002,250250608002,"Block Group 2, Census Tract 608, Suffolk County, Massachusetts",442,148,23,36,131,98,214,121,64,53,10,17,0,12
1500000US250250608003,250250608003,"Block Group 3, Census Tract 608, Suffolk County, Massachusetts",574,143,0,12,109,83,204,93,158,122,79,91,24,25
1500000US250250608004,250250608004,"Block Group 4, Census Tract 608, Suffolk County, Massachusetts",894,165,0,12,230,120,427,171,139,115,98,96,0,12
1500000US250250610001,250250610001,"Block Group 1, Census Tract 610, Suffolk County, Massachusetts",493,97,8,13,192,87,146,55,124,75,14,18,9,14
1500000US250250610002,250250610002,"Block Group 2, Census Tract 610, Suffolk County, Massachusetts",654,111,46,46,176,92,262,116,159,97,11,16,0,12
1500000US250250610003,250250610003,"Block Group 3, Census Tract 610, Suffolk County, Massachusetts",219,103,30,48,26,31,51,68,112,70,0,12,0,12
1500000US250250611011,250250611011,"Block Group 1, Census Tract 611.01, Suffolk County, Massachusetts",252,54,8,11,56,31,120,49,68,34,0,12,0,12
1500000US250250611012,250250611012,"Block Group 2, Census Tract 611.01, Suffolk County, Massachusetts",855,62,23,26,334,70,398,79,100,41,0,12,0,12
1500000US250250612001,250250612001,"Block Group 1, Census Tract 612, Suffolk County, Massachusetts",1522,136,210,103,562,121,678,142,41,39,19,21,12,18
1500000US250250612002,250250612002,"Block Group 2, Census Tract 612, Suffolk County, Massachusetts",259,74,31,40,72,36,135,59,21,17,0,12,0,12
1500000US250250612003,250250612003,"Block Group 3, Census Tract 612, Suffolk County, Massachusetts",384,85,0,12,135,81,175,79,24,26,26,32,24,30
1500000US250250701011,250250701011,"Block Group 1, Census Tract 701.01, Suffolk County, Massachusetts",796,171,63,68,524,164,158,99,11,18,40,70,0,12
1500000US250250701012,250250701012,"Block Group 2, Census Tract 701.01, Suffolk County, Massachusetts",111,85,66,74,45,47,0,12,0,12,0,12,0,12
1500000US250250701013,250250701013,"Block Group 3, Census Tract 701.01, Suffolk County, Massachusetts",457,121,16,26,215,105,207,98,10,16,9,16,0,12
1500000US250250701014,250250701014,"Block Group 4, Census Tract 701.01, Suffolk County, Massachusetts",665,147,56,64,414,137,173,89,12,19,0,12,10,16
1500000US250250701015,250250701015,"Block Group 5, Census Tract 701.01, Suffolk County, Massachusetts",92,34,0,12,26,30,50,37,0,12,16,24,0,12
1500000US250250701016,250250701016,"Block Group 6, Census Tract 701.01, Suffolk County, Massachusetts",483,123,150,68,176,73,157,119,0,12,0,12,0,12
1500000US250250701017,250250701017,"Block Group 7, Census Tract 701.01, Suffolk County, Massachusetts",681,145,79,89,353,123,241,104,8,13,0,12,0,12
1500000US250250701018,250250701018,"Block Group 8, Census Tract 701.01, Suffolk County, Massachusetts",249,110,0,12,43,43,167,103,39,61,0,12,0,12
1500000US250250702001,250250702001,"Block Group 1, Census Tract 702, Suffolk County, Massachusetts",509,113,83,69,169,83,253,105,4,8,0,12,0,12
1500000US250250702002,250250702002,"Block Group 2, Census Tract 702, Suffolk County, Massachusetts",503,116,32,24,152,89,230,98,57,39,11,22,21,33
1500000US250250702003,250250702003,"Block Group 3, Census Tract 702, Suffolk County, Massachusetts",681,122,32,33,447,122,202,71,0,12,0,12,0,12
1500000US250250703001,250250703001,"Block Group 1, Census Tract 703, Suffolk County, Massachusetts",669,125,68,51,246,109,141,63,164,85,44,42,6,10
1500000US250250703002,250250703002,"Block Group 2, Census Tract 703, Suffolk County, Massachusetts",475,121,35,41,148,80,193,86,87,58,12,19,0,12
1500000US250250703003,250250703003,"Block Group 3, Census Tract 703, Suffolk County, Massachusetts",752,130,93,89,289,109,234,98,79,81,57,83,0,12
1500000US250250703004,250250703004,"Block Group 4, Census Tract 703, Suffolk County, Massachusetts",727,104,43,41,327,118,279,91,71,42,7,21,0,12
1500000US250250704021,250250704021,"Block Group 1, Census Tract 704.02, Suffolk County, Massachusetts",750,33,45,27,292,51,229,55,112,42,72,26,0,12
1500000US250250705001,250250705001,"Block Group 1, Census Tract 705, Suffolk County, Massachusetts",1234,164,104,82,426,136,529,164,130,74,45,48,0,12
1500000US250250705002,250250705002,"Block Group 2, Census Tract 705, Suffolk County, Massachusetts",466,138,110,95,181,126,89,85,41,46,12,21,33,42
1500000US250250705003,250250705003,"Block Group 3, Census Tract 705, Suffolk County, Massachusetts",796,151,0,12,259,123,373,130,98,61,52,52,14,23
1500000US250250705004,250250705004,"Block Group 4, Census Tract 705, Suffolk County, Massachusetts",653,111,46,50,148,65,357,114,56,51,46,50,0,12
1500000US250250706001,250250706001,"Block Group 1, Census Tract 706, Suffolk County, Massachusetts",712,80,0,12,295,86,273,91,40,34,91,61,13,17
1500000US250250706002,250250706002,"Block Group 2, Census Tract 706, Suffolk County, Massachusetts",647,81,52,56,221,80,185,65,74,43,95,50,20,23
1500000US250250707001,250250707001,"Block Group 1, Census Tract 707, Suffolk County, Massachusetts",773,97,10,15,226,101,386,113,116,52,26,36,9,16
1500000US250250707002,250250707002,"Block Group 2, Census Tract 707, Suffolk County, Massachusetts",618,93,9,14,241,87,267,90,64,48,26,29,11,16
1500000US250250708001,250250708001,"Block Group 1, Census Tract 708, Suffolk County, Massachusetts",1022,169,170,86,462,181,324,128,44,48,22,26,0,12
1500000US250250708002,250250708002,"Block Group 2, Census Tract 708, Suffolk County, Massachusetts",646,133,156,87,183,132,169,100,78,58,37,33,23,36
1500000US250250708003,250250708003,"Block Group 3, Census Tract 708, Suffolk County, Massachusetts",461,108,43,49,138,87,230,101,24,28,26,36,0,12
1500000US250250709001,250250709001,"Block Group 1, Census Tract 709, Suffolk County, Massachusetts",1275,102,191,102,430,106,451,108,123,78,75,47,5,8
1500000US250250709002,250250709002,"Block Group 2, Census Tract 709, Suffolk County, Massachusetts",556,85,138,83,178,66,139,58,73,45,18,24,10,17
1500000US250250711011,250250711011,"Block Group 1, Census Tract 711.01, Suffolk County, Massachusetts",947,159,134,111,370,119,423,149,20,35,0,12,0,12
1500000US250250711012,250250711012,"Block Group 2, Census Tract 711.01, Suffolk County, Massachusetts",666,130,18,27,246,113,237,101,134,62,13,20,18,30
1500000US250250711013,250250711013,"Block Group 3, Census Tract 711.01, Suffolk County, Massachusetts",613,131,172,113,189,119,208,121,44,68,0,12,0,12
1500000US250250712011,250250712011,"Block Group 1, Census Tract 712.01, Suffolk County, Massachusetts",772,107,79,50,279,79,322,97,84,41,8,13,0,12
1500000US250250712012,250250712012,"Block Group 2, Census Tract 712.01, Suffolk County, Massachusetts",709,94,77,48,213,94,259,92,98,63,62,61,0,12
1500000US250250801001,250250801001,"Block Group 1, Census Tract 801, Suffolk County, Massachusetts",464,53,54,32,130,57,163,57,88,49,29,23,0,12
1500000US250250801002,250250801002,"Block Group 2, Census Tract 801, Suffolk County, Massachusetts",322,54,0,12,31,23,87,45,109,44,61,45,34,25
1500000US250250803001,250250803001,"Block Group 1, Census Tract 803, Suffolk County, Massachusetts",897,28,60,49,158,59,331,99,215,63,101,62,32,31
1500000US250250804011,250250804011,"Block Group 1, Census Tract 804.01, Suffolk County, Massachusetts",552,81,88,55,138,52,176,60,105,42,45,30,0,12
1500000US250250804012,250250804012,"Block Group 2, Census Tract 804.01, Suffolk County, Massachusetts",835,76,102,57,203,61,388,73,142,61,0,12,0,12
1500000US250250805001,250250805001,"Block Group 1, Census Tract 805, Suffolk County, Massachusetts",510,91,19,29,77,54,242,87,150,67,16,26,6,10
1500000US250250805002,250250805002,"Block Group 2, Census Tract 805, Suffolk County, Massachusetts",921,91,10,17,307,74,358,95,224,80,22,27,0,12
1500000US250250806011,250250806011,"Block Group 1, Census Tract 806.01, Suffolk County, Massachusetts",367,62,32,26,88,36,168,47,68,36,8,13,3,5
1500000US250250806012,250250806012,"Block Group 2, Census Tract 806.01, Suffolk County, Massachusetts",295,55,0,12,37,33,106,35,107,49,45,27,0,12
1500000US250250806013,250250806013,"Block Group 3, Census Tract 806.01, Suffolk County, Massachusetts",299,59,83,58,127,48,67,39,16,14,6,10,0,12
1500000US250250808011,250250808011,"Block Group 1, Census Tract 808.01, Suffolk County, Massachusetts",372,72,26,29,95,51,99,55,95,52,27,28,30,45
1500000US250250808012,250250808012,"Block Group 2, Census Tract 808.01, Suffolk County, Massachusetts",599,75,0,12,132,55,221,77,212,60,22,22,12,21
1500000US250250809001,250250809001,"Block Group 1, Census Tract 809, Suffolk County, Massachusetts",686,104,149,70,411,107,102,67,24,29,0,12,0,12
1500000US250250809002,250250809002,"Block Group 2, Census Tract 809, Suffolk County, Massachusetts",449,110,24,36,10,16,94,75,139,63,79,47,103,80
1500000US250250809003,250250809003,"Block Group 3, Census Tract 809, Suffolk County, Massachusetts",443,90,0,12,84,47,54,58,156,69,90,56,59,51
1500000US250250810011,250250810011,"Block Group 1, Census Tract 810.01, Suffolk County, Massachusetts",236,69,53,46,91,52,27,35,40,51,25,39,0,12
1500000US250250810012,250250810012,"Block Group 2, Census Tract 810.01, Suffolk County, Massachusetts",1315,127,52,47,702,129,402,116,159,80,0,12,0,12
1500000US250250810013,250250810013,"Block Group 3, Census Tract 810.01, Suffolk County, Massachusetts",245,93,41,67,14,22,58,46,18,21,85,72,29,34
1500000US250250810014,250250810014,"Block Group 4, Census Tract 810.01, Suffolk County, Massachusetts",511,107,29,46,124,57,149,101,105,61,85,77,19,29
1500000US250250811001,250250811001,"Block Group 1, Census Tract 811, Suffolk County, Massachusetts",410,80,39,38,14,20,220,80,64,36,48,26,25,27
1500000US250250811002,250250811002,"Block Group 2, Census Tract 811, Suffolk County, Massachusetts",886,107,160,102,342,93,193,64,146,74,24,19,21,23
1500000US250250811003,250250811003,"Block Group 3, Census Tract 811, Suffolk County, Massachusetts",413,70,97,38,142,54,154,56,20,23,0,12,0,12
1500000US250250812001,250250812001,"Block Group 1, Census Tract 812, Suffolk County, Massachusetts",885,74,0,12,173,57,360,72,221,76,98,63,33,28
1500000US250250812002,250250812002,"Block Group 2, Census Tract 812, Suffolk County, Massachusetts",455,71,8,13,22,26,200,93,158,63,11,17,56,37
1500000US250250813001,250250813001,"Block Group 1, Census Tract 813, Suffolk County, Massachusetts",761,164,110,76,280,123,209,113,88,85,9,27,65,53
1500000US250250813002,250250813002,"Block Group 2, Census Tract 813, Suffolk County, Massachusetts",785,180,47,59,164,117,246,124,102,98,202,97,24,41
1500000US250250813003,250250813003,"Block Group 3, Census Tract 813, Suffolk County, Massachusetts",648,181,33,50,148,108,273,147,145,124,49,47,0,12
1500000US250250814001,250250814001,"Block Group 1, Census Tract 814, Suffolk County, Massachusetts",531,80,0,12,156,44,277,75,84,54,14,22,0,12
1500000US250250814002,250250814002,"Block Group 2, Census Tract 814, Suffolk County, Massachusetts",327,66,0,12,67,45,188,66,29,25,33,32,10,17
1500000US250250814003,250250814003,"Block Group 3, Census Tract 814, Suffolk County, Massachusetts",585,79,0,12,99,58,263,78,130,75,44,32,49,40
1500000US250250815001,250250815001,"Block Group 1, Census Tract 815, Suffolk County, Massachusetts",399,60,23,35,21,23,132,48,159,52,44,34,20,19
1500000US250250815002,250250815002,"Block Group 2, Census Tract 815, Suffolk County, Massachusetts",562,67,26,23,63,46,207,67,181,65,68,58,17,16
1500000US250250817001,250250817001,"Block Group 1, Census Tract 817, Suffolk County, Massachusetts",205,60,21,35,9,14,0,12,167,49,8,13,0,12
1500000US250250817002,250250817002,"Block Group 2, Census Tract 817, Suffolk County, Massachusetts",484,96,81,44,129,61,48,54,179,72,31,40,16,26
1500000US250250817003,250250817003,"Block Group 3, Census Tract 817, Suffolk County, Massachusetts",406,78,32,38,16,20,149,76,136,76,64,55,9,13
1500000US250250817004,250250817004,"Block Group 4, Census Tract 817, Suffolk County, Massachusetts",312,72,0,12,72,49,135,66,83,50,16,18,6,9
1500000US250250817005,250250817005,"Block Group 5, Census Tract 817, Suffolk County, Massachusetts",364,80,0,12,42,33,196,83,106,54,20,16,0,12
1500000US250250818001,250250818001,"Block Group 1, Census Tract 818, Suffolk County, Massachusetts",506,106,0,12,122,81,206,86,102,63,55,43,21,23
1500000US250250818002,250250818002,"Block Group 2, Census Tract 818, Suffolk County, Massachusetts",533,112,109,82,85,58,160,85,129,71,42,47,8,13
1500000US250250818003,250250818003,"Block Group 3, Census Tract 818, Suffolk County, Massachusetts",480,107,18,29,145,70,110,89,67,55,109,71,31,37
1500000US250250819001,250250819001,"Block Group 1, Census Tract 819, Suffolk County, Massachusetts",373,85,20,23,35,28,202,59,45,37,45,49,26,20
1500000US250250819002,250250819002,"Block Group 2, Census Tract 819, Suffolk County, Massachusetts",351,92,0,12,19,32,140,71,127,63,33,38,32,32
1500000US250250819003,250250819003,"Block Group 3, Census Tract 819, Suffolk County, Massachusetts",265,107,21,35,112,90,8,12,94,88,25,34,5,12
1500000US250250819004,250250819004,"Block Group 4, Census Tract 819, Suffolk County, Massachusetts",532,114,0,12,73,61,285,79,119,101,55,43,0,12
1500000US250250820001,250250820001,"Block Group 1, Census Tract 820, Suffolk County, Massachusetts",557,91,7,11,83,49,203,82,149,58,109,53,6,10
1500000US250250820002,250250820002,"Block Group 2, Census Tract 820, Suffolk County, Massachusetts",287,75,9,14,61,56,105,66,49,42,50,46,13,16
1500000US250250820003,250250820003,"Block Group 3, Census Tract 820, Suffolk County, Massachusetts",537,90,21,34,133,71,167,72,171,89,22,25,23,26
1500000US250250821001,250250821001,"Block Group 1, Census Tract 821, Suffolk County, Massachusetts",510,131,11,18,139,91,88,64,202,134,70,64,0,12
1500000US250250821002,250250821002,"Block Group 2, Census Tract 821, Suffolk County, Massachusetts",647,150,0,12,24,36,351,139,157,102,50,54,65,61
1500000US250250821003,250250821003,"Block Group 3, Census Tract 821, Suffolk County, Massachusetts",1092,159,22,37,443,160,355,132,166,75,88,69,18,25
1500000US250250901001,250250901001,"Block Group 1, Census Tract 901, Suffolk County, Massachusetts",744,93,29,26,139,56,304,92,213,76,32,35,27,23
1500000US250250901002,250250901002,"Block Group 2, Census Tract 901, Suffolk County, Massachusetts",302,73,9,14,25,34,96,54,65,55,98,66,9,15
1500000US250250901003,250250901003,"Block Group 3, Census Tract 901, Suffolk County, Massachusetts",373,76,0,12,112,57,75,60,91,59,80,56,15,19
1500000US250250901004,250250901004,"Block Group 4, Census Tract 901, Suffolk County, Massachusetts",352,95,0,12,0,12,132,62,134,70,74,49,12,19
1500000US250250901005,250250901005,"Block Group 5, Census Tract 901, Suffolk County, Massachusetts",251,68,0,12,0,12,87,44,70,49,85,47,9,16
1500000US250250902001,250250902001,"Block Group 1, Census Tract 902, Suffolk County, Massachusetts",257,62,0,12,24,19,78,35,67,41,72,37,16,23
1500000US250250902002,250250902002,"Block Group 2, Census Tract 902, Suffolk County, Massachusetts",322,60,5,8,88,51,173,60,44,25,12,14,0,12
1500000US250250902003,250250902003,"Block Group 3, Census Tract 902, Suffolk County, Massachusetts",309,65,0,12,29,32,119,56,129,40,4,7,28,27
1500000US250250903001,250250903001,"Block Group 1, Census Tract 903, Suffolk County, Massachusetts",349,90,23,36,0,12,184,78,60,45,57,45,25,28
1500000US250250903002,250250903002,"Block Group 2, Census Tract 903, Suffolk County, Massachusetts",669,112,25,40,124,69,195,72,233,96,61,52,31,30
1500000US250250903003,250250903003,"Block Group 3, Census Tract 903, Suffolk County, Massachusetts",357,90,0,12,0,12,164,69,157,86,9,17,27,30
1500000US250250904001,250250904001,"Block Group 1, Census Tract 904, Suffolk County, Massachusetts",269,69,0,12,4,8,74,45,122,74,54,48,15,17
1500000US250250904002,250250904002,"Block Group 2, Census Tract 904, Suffolk County, Massachusetts",567,99,7,12,48,32,124,72,151,80,214,93,23,32
1500000US250250904003,250250904003,"Block Group 3, Census Tract 904, Suffolk County, Massachusetts",214,61,0,12,9,14,86,47,77,53,42,43,0,12
1500000US250250904004,250250904004,"Block Group 4, Census Tract 904, Suffolk County, Massachusetts",292,84,0,12,17,18,37,33,147,71,0,12,91,74
1500000US250250906001,250250906001,"Block Group 1, Census Tract 906, Suffolk County, Massachusetts",390,54,0,12,36,29,100,52,175,53,62,36,17,17
1500000US250250906002,250250906002,"Block Group 2, Census Tract 906, Suffolk County, Massachusetts",435,57,0,12,12,11,213,61,158,52,38,20,14,12
1500000US250250907001,250250907001,"Block Group 1, Census Tract 907, Suffolk County, Massachusetts",630,112,48,54,22,35,236,81,210,80,114,62,0,12
1500000US250250907002,250250907002,"Block Group 2, Census Tract 907, Suffolk County, Massachusetts",542,107,24,28,152,54,200,74,128,64,29,24,9,14
1500000US250250907003,250250907003,"Block Group 3, Census Tract 907, Suffolk County, Massachusetts",551,90,0,12,115,62,190,73,176,85,51,36,19,17
1500000US250250907004,250250907004,"Block Group 4, Census Tract 907, Suffolk County, Massachusetts",317,75,0,12,19,21,154,69,144,72,0,12,0,12
1500000US250250909011,250250909011,"Block Group 1, Census Tract 909.01, Suffolk County, Massachusetts",739,100,16,25,109,50,353,103,182,61,79,51,0,12
1500000US250250909012,250250909012,"Block Group 2, Census Tract 909.01, Suffolk County, Massachusetts",838,105,78,43,274,78,396,92,51,40,15,20,24,29
1500000US250250910011,250250910011,"Block Group 1, Census Tract 910.01, Suffolk County, Massachusetts",266,76,0,12,50,43,61,59,139,62,16,18,0,12
1500000US250250910012,250250910012,"Block Group 2, Census Tract 910.01, Suffolk County, Massachusetts",402,93,0,12,152,57,70,53,140,74,38,51,2,8
1500000US250250910013,250250910013,"Block Group 3, Census Tract 910.01, Suffolk County, Massachusetts",288,70,0,12,15,19,176,67,28,25,50,38,19,19
1500000US250250910014,250250910014,"Block Group 4, Census Tract 910.01, Suffolk County, Massachusetts",442,80,0,12,22,24,289,71,106,58,14,24,11,13
1500000US250250911001,250250911001,"Block Group 1, Census Tract 911, Suffolk County, Massachusetts",627,104,83,50,44,26,273,90,154,84,67,61,6,9
1500000US250250911002,250250911002,"Block Group 2, Census Tract 911, Suffolk County, Massachusetts",424,104,19,32,43,32,190,79,116,62,37,33,19,19
1500000US250250911003,250250911003,"Block Group 3, Census Tract 911, Suffolk County, Massachusetts",328,91,0,12,16,19,173,86,103,58,12,15,24,26
1500000US250250911004,250250911004,"Block Group 4, Census Tract 911, Suffolk County, Massachusetts",245,69,0,12,21,18,101,62,66,50,45,37,12,17
1500000US250250911005,250250911005,"Block Group 5, Census Tract 911, Suffolk County, Massachusetts",359,87,0,12,59,49,81,46,142,74,15,17,62,48
1500000US250250912001,250250912001,"Block Group 1, Census Tract 912, Suffolk County, Massachusetts",476,90,0,12,94,67,203,93,135,65,28,31,16,16
1500000US250250912002,250250912002,"Block Group 2, Census Tract 912, Suffolk County, Massachusetts",532,101,34,41,21,20,134,59,302,103,17,26,24,32
1500000US250250912003,250250912003,"Block Group 3, Census Tract 912, Suffolk County, Massachusetts",313,71,0,12,32,31,118,61,159,59,0,12,4,8
1500000US250250913001,250250913001,"Block Group 1, Census Tract 913, Suffolk County, Massachusetts",511,66,20,26,25,18,134,53,282,78,44,31,6,9
1500000US250250913002,250250913002,"Block Group 2, Census Tract 913, Suffolk County, Massachusetts",409,66,0,12,47,34,137,48,148,49,51,43,26,20
1500000US250250914001,250250914001,"Block Group 1, Census Tract 914, Suffolk County, Massachusetts",641,65,55,36,85,42,211,50,185,48,26,25,79,32
1500000US250250914002,250250914002,"Block Group 2, Census Tract 914, Suffolk County, Massachusetts",356,63,12,18,54,33,76,38,180,53,24,25,10,13
1500000US250250915001,250250915001,"Block Group 1, Census Tract 915, Suffolk County, Massachusetts",763,95,9,14,69,47,249,71,344,95,92,64,0,12
1500000US250250915002,250250915002,"Block Group 2, Census Tract 915, Suffolk County, Massachusetts",670,97,58,42,45,34,158,66,282,90,110,63,17,18
1500000US250250915003,250250915003,"Block Group 3, Census Tract 915, Suffolk County, Massachusetts",362,66,30,29,48,37,114,50,103,54,67,29,0,12
1500000US250250916001,250250916001,"Block Group 1, Census Tract 916, Suffolk County, Massachusetts",570,98,8,13,0,12,255,102,209,106,40,43,58,50
1500000US250250916002,250250916002,"Block Group 2, Census Tract 916, Suffolk County, Massachusetts",372,94,8,13,21,33,129,58,205,82,9,14,0,12
1500000US250250916003,250250916003,"Block Group 3, Census Tract 916, Suffolk County, Massachusetts",264,65,17,25,75,57,111,60,40,34,0,12,21,22
1500000US250250917001,250250917001,"Block Group 1, Census Tract 917, Suffolk County, Massachusetts",499,67,0,12,18,20,163,44,191,57,105,52,22,17
1500000US250250917002,250250917002,"Block Group 2, Census Tract 917, Suffolk County, Massachusetts",323,58,0,12,8,13,122,46,140,55,41,27,12,11
1500000US250250917003,250250917003,"Block Group 3, Census Tract 917, Suffolk County, Massachusetts",294,52,0,12,6,9,74,34,165,51,45,35,4,6
1500000US250250918001,250250918001,"Block Group 1, Census Tract 918, Suffolk County, Massachusetts",485,109,0,12,48,44,80,55,210,78,133,84,14,16
1500000US250250918002,250250918002,"Block Group 2, Census Tract 918, Suffolk County, Massachusetts",420,103,0,12,0,12,147,79,252,104,8,22,13,23
1500000US250250918003,250250918003,"Block Group 3, Census Tract 918, Suffolk County, Massachusetts",353,104,0,12,50,41,75,67,119,69,78,65,31,29
1500000US250250919001,250250919001,"Block Group 1, Census Tract 919, Suffolk County, Massachusetts",413,73,0,12,0,12,142,73,189,55,65,50,17,20
1500000US250250919002,250250919002,"Block Group 2, Census Tract 919, Suffolk County, Massachusetts",281,75,0,12,27,32,96,63,104,63,40,23,14,17
1500000US250250919003,250250919003,"Block Group 3, Census Tract 919, Suffolk County, Massachusetts",552,87,25,40,30,28,162,74,201,81,105,64,29,22
1500000US250250919004,250250919004,"Block Group 4, Census Tract 919, Suffolk County, Massachusetts",201,63,0,12,0,12,38,34,72,46,58,36,33,27
1500000US250250920001,250250920001,"Block Group 1, Census Tract 920, Suffolk County, Massachusetts",521,89,0,12,101,52,155,68,216,82,36,36,13,20
1500000US250250920002,250250920002,"Block Group 2, Census Tract 920, Suffolk County, Massachusetts",552,76,10,15,38,27,103,65,221,76,126,66,54,37
1500000US250250920003,250250920003,"Block Group 3, Census Tract 920, Suffolk County, Massachusetts",331,76,0,12,0,12,66,51,142,71,84,63,39,30
1500000US250250920004,250250920004,"Block Group 4, Census Tract 920, Suffolk County, Massachusetts",368,69,10,15,0,12,130,55,146,71,44,37,38,35
1500000US250250921011,250250921011,"Block Group 1, Census Tract 921.01, Suffolk County, Massachusetts",595,168,0,12,96,88,163,93,255,119,29,34,52,72
1500000US250250921012,250250921012,"Block Group 2, Census Tract 921.01, Suffolk County, Massachusetts",404,141,38,60,0,12,126,79,153,102,87,81,0,12
1500000US250250921013,250250921013,"Block Group 3, Census Tract 921.01, Suffolk County, Massachusetts",300,111,0,12,55,54,55,49,175,104,15,24,0,12
1500000US250250921014,250250921014,"Block Group 4, Census Tract 921.01, Suffolk County, Massachusetts",436,137,0,12,44,53,155,76,183,121,37,61,17,26
1500000US250250921015,250250921015,"Block Group 5, Census Tract 921.01, Suffolk County, Massachusetts",821,154,0,12,113,75,194,107,387,144,95,79,32,36
1500000US250250922001,250250922001,"Block Group 1, Census Tract 922, Suffolk County, Massachusetts",294,68,0,12,0,12,45,33,126,47,72,55,51,29
1500000US250250922002,250250922002,"Block Group 2, Census Tract 922, Suffolk County, Massachusetts",305,98,0,12,0,12,65,54,178,87,22,34,40,42
1500000US250250922003,250250922003,"Block Group 3, Census Tract 922, Suffolk County, Massachusetts",329,92,0,12,12,22,114,79,96,68,85,46,22,34
1500000US250250922004,250250922004,"Block Group 4, Census Tract 922, Suffolk County, Massachusetts",336,84,0,12,93,68,79,57,98,69,0,12,66,46
1500000US250250923001,250250923001,"Block Group 1, Census Tract 923, Suffolk County, Massachusetts",254,57,0,12,60,50,52,31,107,41,18,16,17,16
1500000US250250923002,250250923002,"Block Group 2, Census Tract 923, Suffolk County, Massachusetts",285,66,0,12,31,22,58,32,160,60,19,21,17,17
1500000US250250923003,250250923003,"Block Group 3, Census Tract 923, Suffolk County, Massachusetts",441,77,0,12,64,51,144,65,156,65,40,35,37,23
1500000US250250923004,250250923004,"Block Group 4, Census Tract 923, Suffolk County, Massachusetts",204,60,0,12,11,18,54,39,75,45,31,21,33,34
1500000US250250924001,250250924001,"Block Group 1, Census Tract 924, Suffolk County, Massachusetts",153,78,0,12,16,31,34,41,31,36,65,49,7,25
1500000US250250924002,250250924002,"Block Group 2, Census Tract 924, Suffolk County, Massachusetts",583,143,0,12,138,93,99,89,326,128,20,31,0,12
1500000US250250924003,250250924003,"Block Group 3, Census Tract 924, Suffolk County, Massachusetts",656,142,34,53,73,52,159,101,222,121,95,76,73,66
1500000US250250924004,250250924004,"Block Group 4, Census Tract 924, Suffolk County, Massachusetts",489,120,0,12,119,58,142,82,200,111,28,35,0,12
1500000US250250924005,250250924005,"Block Group 5, Census Tract 924, Suffolk County, Massachusetts",279,127,0,12,32,38,98,71,61,57,88,107,0,12
1500000US250251001001,250251001001,"Block Group 1, Census Tract 1001, Suffolk County, Massachusetts",87,63,0,12,0,12,45,60,14,24,0,12,28,41
1500000US250251001002,250251001002,"Block Group 2, Census Tract 1001, Suffolk County, Massachusetts",386,79,8,12,5,8,96,69,167,72,88,60,22,26
1500000US250251001003,250251001003,"Block Group 3, Census Tract 1001, Suffolk County, Massachusetts",279,81,0,12,7,12,80,64,166,63,26,27,0,12
1500000US250251001004,250251001004,"Block Group 4, Census Tract 1001, Suffolk County, Massachusetts",288,84,0,12,48,38,73,47,89,60,58,49,20,24
1500000US250251001005,250251001005,"Block Group 5, Census Tract 1001, Suffolk County, Massachusetts",186,68,0,12,0,12,63,39,123,63,0,12,0,12
1500000US250251001006,250251001006,"Block Group 6, Census Tract 1001, Suffolk County, Massachusetts",552,105,0,12,155,66,195,73,184,89,2,7,16,25
1500000US250251001007,250251001007,"Block Group 7, Census Tract 1001, Suffolk County, Massachusetts",411,98,9,15,246,89,76,55,42,32,30,33,8,13
1500000US250251002001,250251002001,"Block Group 1, Census Tract 1002, Suffolk County, Massachusetts",400,58,0,12,14,20,147,56,117,43,54,32,68,44
1500000US250251002002,250251002002,"Block Group 2, Census Tract 1002, Suffolk County, Massachusetts",229,60,0,12,11,14,108,43,73,41,13,21,24,17
1500000US250251002003,250251002003,"Block Group 3, Census Tract 1002, Suffolk County, Massachusetts",433,68,0,12,27,25,125,49,230,65,33,22,18,20
1500000US250251003001,250251003001,"Block Group 1, Census Tract 1003, Suffolk County, Massachusetts",427,83,0,12,7,14,127,67,183,82,79,56,31,35
1500000US250251003002,250251003002,"Block Group 2, Census Tract 1003, Suffolk County, Massachusetts",317,78,0,12,42,39,78,49,125,57,53,41,19,21
1500000US250251003003,250251003003,"Block Group 3, Census Tract 1003, Suffolk County, Massachusetts",342,90,0,12,5,9,164,68,104,65,69,53,0,12
1500000US250251003004,250251003004,"Block Group 4, Census Tract 1003, Suffolk County, Massachusetts",249,81,37,54,0,12,53,40,112,60,43,39,4,10
1500000US250251004001,250251004001,"Block Group 1, Census Tract 1004, Suffolk County, Massachusetts",457,109,34,29,57,31,194,99,119,87,44,31,9,14
1500000US250251004002,250251004002,"Block Group 2, Census Tract 1004, Suffolk County, Massachusetts",343,98,11,18,0,12,50,47,157,85,104,77,21,25
1500000US250251004003,250251004003,"Block Group 3, Census Tract 1004, Suffolk County, Massachusetts",395,82,0,12,0,12,180,70,138,63,72,56,5,10
1500000US250251004004,250251004004,"Block Group 4, Census Tract 1004, Suffolk County, Massachusetts",736,120,0,12,36,39,212,75,308,102,132,86,48,29
1500000US250251005001,250251005001,"Block Group 1, Census Tract 1005, Suffolk County, Massachusetts",520,150,0,12,112,50,189,113,143,103,50,80,26,40
1500000US250251005002,250251005002,"Block Group 2, Census Tract 1005, Suffolk County, Massachusetts",581,145,18,29,82,78,152,109,203,103,81,54,45,43
1500000US250251005003,250251005003,"Block Group 3, Census Tract 1005, Suffolk County, Massachusetts",338,103,0,12,89,64,80,73,100,83,12,20,57,57
1500000US250251005004,250251005004,"Block Group 4, Census Tract 1005, Suffolk County, Massachusetts",524,169,17,28,0,12,249,137,141,106,117,95,0,12
1500000US250251005005,250251005005,"Block Group 5, Census Tract 1005, Suffolk County, Massachusetts",585,159,0,12,40,60,181,110,249,127,86,79,29,33
1500000US250251006011,250251006011,"Block Group 1, Census Tract 1006.01, Suffolk County, Massachusetts",545,141,0,12,61,67,286,156,147,91,41,40,10,16
1500000US250251006012,250251006012,"Block Group 2, Census Tract 1006.01, Suffolk County, Massachusetts",240,78,0,12,9,14,93,54,102,71,24,30,12,19
1500000US250251006013,250251006013,"Block Group 3, Census Tract 1006.01, Suffolk County, Massachusetts",538,156,0,12,129,120,166,75,155,80,65,81,23,37
1500000US250251006014,250251006014,"Block Group 4, Census Tract 1006.01, Suffolk County, Massachusetts",910,176,58,93,238,134,366,144,186,101,44,35,18,23
1500000US250251006031,250251006031,"Block Group 1, Census Tract 1006.03, Suffolk County, Massachusetts",503,74,0,12,149,69,197,67,116,59,28,31,13,14
1500000US250251006032,250251006032,"Block Group 2, Census Tract 1006.03, Suffolk County, Massachusetts",399,71,47,49,35,36,157,61,120,48,40,29,0,12
1500000US250251007001,250251007001,"Block Group 1, Census Tract 1007, Suffolk County, Massachusetts",434,89,0,12,72,67,248,83,84,46,18,20,12,18
1500000US250251007002,250251007002,"Block Group 2, Census Tract 1007, Suffolk County, Massachusetts",579,105,7,12,187,72,136,69,151,72,98,67,0,12
1500000US250251007003,250251007003,"Block Group 3, Census Tract 1007, Suffolk County, Massachusetts",312,83,0,12,11,18,164,62,91,63,46,29,0,12
1500000US250251007004,250251007004,"Block Group 4, Census Tract 1007, Suffolk County, Massachusetts",383,95,0,12,0,12,150,68,173,82,60,35,0,12
1500000US250251007005,250251007005,"Block Group 5, Census Tract 1007, Suffolk County, Massachusetts",333,99,0,12,34,53,174,92,103,53,15,17,7,12
1500000US250251008001,250251008001,"Block Group 1, Census Tract 1008, Suffolk County, Massachusetts",328,178,0,12,0,12,44,70,121,84,153,154,10,19
1500000US250251008002,250251008002,"Block Group 2, Census Tract 1008, Suffolk County, Massachusetts",433,115,0,12,17,38,194,109,70,50,80,66,72,50
1500000US250251008003,250251008003,"Block Group 3, Census Tract 1008, Suffolk County, Massachusetts",448,155,27,23,184,163,141,112,75,58,21,26,0,12
1500000US250251008004,250251008004,"Block Group 4, Census Tract 1008, Suffolk County, Massachusetts",720,144,40,65,230,122,242,114,117,97,68,57,23,29
1500000US250251008005,250251008005,"Block Group 5, Census Tract 1008, Suffolk County, Massachusetts",378,103,94,90,70,53,62,47,37,36,98,75,17,34
1500000US250251008006,250251008006,"Block Group 6, Census Tract 1008, Suffolk County, Massachusetts",522,148,0,12,107,81,159,83,153,105,71,65,32,40
1500000US250251009001,250251009001,"Block Group 1, Census Tract 1009, Suffolk County, Massachusetts",356,79,0,12,28,30,138,72,141,66,20,31,29,34
1500000US250251009002,250251009002,"Block Group 2, Census Tract 1009, Suffolk County, Massachusetts",268,88,0,12,33,42,47,41,111,75,29,43,48,38
1500000US250251009003,250251009003,"Block Group 3, Census Tract 1009, Suffolk County, Massachusetts",558,88,19,21,81,45,264,75,93,53,77,46,24,34
1500000US250251009004,250251009004,"Block Group 4, Census Tract 1009, Suffolk County, Massachusetts",263,87,0,12,10,16,20,32,189,72,44,48,0,12
1500000US250251009005,250251009005,"Block Group 5, Census Tract 1009, Suffolk County, Massachusetts",344,92,0,12,9,16,113,78,105,58,117,52,0,12
1500000US250251010011,250251010011,"Block Group 1, Census Tract 1010.01, Suffolk County, Massachusetts",261,96,42,66,0,12,47,56,154,81,18,27,0,12
1500000US250251010012,250251010012,"Block Group 2, Census Tract 1010.01, Suffolk County, Massachusetts",385,115,29,46,122,96,150,98,28,32,56,69,0,12
1500000US250251010013,250251010013,"Block Group 3, Census Tract 1010.01, Suffolk County, Massachusetts",307,114,16,25,68,58,93,81,71,86,43,47,16,27
1500000US250251010014,250251010014,"Block Group 4, Census Tract 1010.01, Suffolk County, Massachusetts",471,144,13,25,0,12,203,118,173,80,35,42,47,72
1500000US250251010015,250251010015,"Block Group 5, Census Tract 1010.01, Suffolk County, Massachusetts",388,138,0,12,129,96,167,104,65,65,0,12,27,35
1500000US250251010016,250251010016,"Block Group 6, Census Tract 1010.01, Suffolk County, Massachusetts",569,153,0,12,109,73,205,102,144,99,92,71,19,37
1500000US250251010021,250251010021,"Block Group 1, Census Tract 1010.02, Suffolk County, Massachusetts",480,136,0,12,137,94,165,88,161,122,17,31,0,12
1500000US250251010022,250251010022,"Block Group 2, Census Tract 1010.02, Suffolk County, Massachusetts",1083,178,98,82,129,102,438,168,288,127,53,58,77,71
1500000US250251010023,250251010023,"Block Group 3, Census Tract 1010.02, Suffolk County, Massachusetts",728,159,0,12,262,123,228,121,171,114,67,54,0,12
1500000US250251011011,250251011011,"Block Group 1, Census Tract 1011.01, Suffolk County, Massachusetts",281,65,0,12,0,12,99,50,122,64,53,50,7,12
1500000US250251011012,250251011012,"Block Group 2, Census Tract 1011.01, Suffolk County, Massachusetts",383,90,0,12,0,12,108,62,230,85,36,28,9,15
1500000US250251011013,250251011013,"Block Group 3, Census Tract 1011.01, Suffolk County, Massachusetts",553,74,15,24,22,26,191,69,230,84,63,40,32,36
1500000US250251011021,250251011021,"Block Group 1, Census Tract 1011.02, Suffolk County, Massachusetts",352,72,0,12,16,26,112,65,169,58,25,33,30,35
1500000US250251011022,250251011022,"Block Group 2, Census Tract 1011.02, Suffolk County, Massachusetts",505,109,12,18,8,13,64,50,299,99,100,51,22,24
1500000US250251011023,250251011023,"Block Group 3, Census Tract 1011.02, Suffolk County, Massachusetts",362,79,19,31,47,39,122,59,120,72,36,37,18,29
1500000US250251011024,250251011024,"Block Group 4, Census Tract 1011.02, Suffolk County, Massachusetts",514,86,22,32,53,46,234,76,117,60,73,50,15,24
1500000US250251101031,250251101031,"Block Group 1, Census Tract 1101.03, Suffolk County, Massachusetts",406,114,61,83,69,90,212,89,64,34,0,12,0,12
1500000US250251101032,250251101032,"Block Group 2, Census Tract 1101.03, Suffolk County, Massachusetts",199,88,0,12,34,42,49,40,116,71,0,12,0,12
1500000US250251101033,250251101033,"Block Group 3, Census Tract 1101.03, Suffolk County, Massachusetts",156,72,0,12,47,58,89,53,20,23,0,12,0,12
1500000US250251101034,250251101034,"Block Group 4, Census Tract 1101.03, Suffolk County, Massachusetts",394,110,34,55,166,114,41,53,153,99,0,12,0,12
1500000US250251101035,250251101035,"Block Group 5, Census Tract 1101.03, Suffolk County, Massachusetts",592,136,13,20,97,72,278,106,107,105,56,60,41,36
1500000US250251101036,250251101036,"Block Group 6, Census Tract 1101.03, Suffolk County, Massachusetts",383,97,0,12,0,12,156,84,60,43,147,73,20,27
1500000US250251101037,250251101037,"Block Group 7, Census Tract 1101.03, Suffolk County, Massachusetts",348,143,0,12,15,24,127,108,160,85,46,52,0,12
1500000US250251102011,250251102011,"Block Group 1, Census Tract 1102.01, Suffolk County, Massachusetts",939,36,25,30,223,66,343,70,271,71,68,27,9,10
1500000US250251103011,250251103011,"Block Group 1, Census Tract 1103.01, Suffolk County, Massachusetts",360,63,0,12,31,29,194,60,93,43,35,24,7,11
1500000US250251103012,250251103012,"Block Group 2, Census Tract 1103.01, Suffolk County, Massachusetts",653,66,46,49,18,15,278,62,168,63,127,51,16,20
1500000US250251104011,250251104011,"Block Group 1, Census Tract 1104.01, Suffolk County, Massachusetts",673,90,22,35,9,14,370,97,234,80,17,20,21,23
1500000US250251104012,250251104012,"Block Group 2, Census Tract 1104.01, Suffolk County, Massachusetts",784,82,29,33,78,62,300,91,240,87,101,52,36,48
1500000US250251104031,250251104031,"Block Group 1, Census Tract 1104.03, Suffolk County, Massachusetts",518,123,28,45,83,51,119,76,220,103,68,82,0,12
1500000US250251104032,250251104032,"Block Group 2, Census Tract 1104.03, Suffolk County, Massachusetts",307,59,0,12,34,29,74,42,109,54,52,32,38,34
1500000US250251104033,250251104033,"Block Group 3, Census Tract 1104.03, Suffolk County, Massachusetts",190,81,0,12,8,13,16,20,119,78,36,37,11,19
1500000US250251104034,250251104034,"Block Group 4, Census Tract 1104.03, Suffolk County, Massachusetts",380,87,32,50,55,46,54,35,180,61,38,31,21,22
1500000US250251104035,250251104035,"Block Group 5, Census Tract 1104.03, Suffolk County, Massachusetts",429,96,0,12,23,25,138,67,201,80,56,42,11,17
1500000US250251105011,250251105011,"Block Group 1, Census Tract 1105.01, Suffolk County, Massachusetts",410,81,0,12,141,81,107,63,114,66,48,31,0,12
1500000US250251105012,250251105012,"Block Group 2, Census Tract 1105.01, Suffolk County, Massachusetts",723,79,0,12,17,20,192,79,368,96,139,64,7,12
1500000US250251105013,250251105013,"Block Group 3, Census Tract 1105.01, Suffolk County, Massachusetts",301,64,0,12,6,9,127,62,93,51,42,28,33,25
1500000US250251105021,250251105021,"Block Group 1, Census Tract 1105.02, Suffolk County, Massachusetts",650,95,49,61,141,82,290,100,118,71,52,42,0,12
1500000US250251105022,250251105022,"Block Group 2, Census Tract 1105.02, Suffolk County, Massachusetts",928,105,77,57,87,43,269,101,317,69,99,65,79,63
1500000US250251105023,250251105023,"Block Group 3, Census Tract 1105.02, Suffolk County, Massachusetts",243,65,10,15,23,25,129,71,38,31,33,30,10,18
1500000US250251106011,250251106011,"Block Group 1, Census Tract 1106.01, Suffolk County, Massachusetts",881,67,74,49,184,65,116,57,398,87,109,40,0,12
1500000US250251106012,250251106012,"Block Group 2, Census Tract 1106.01, Suffolk County, Massachusetts",442,64,0,12,0,12,94,33,217,76,116,48,15,16
1500000US250251106071,250251106071,"Block Group 1, Census Tract 1106.07, Suffolk County, Massachusetts",438,145,59,91,82,112,110,70,104,75,48,50,35,41
1500000US250251106072,250251106072,"Block Group 2, Census Tract 1106.07, Suffolk County, Massachusetts",766,136,0,12,58,59,340,148,180,90,120,60,68,61
1500000US250251106073,250251106073,"Block Group 3, Census Tract 1106.07, Suffolk County, Massachusetts",821,147,55,84,201,132,238,99,248,123,30,37,49,47
1500000US250251106074,250251106074,"Block Group 4, Census Tract 1106.07, Suffolk County, Massachusetts",278,76,0,12,0,12,126,68,104,65,48,43,0,12
1500000US250251201031,250251201031,"Block Group 1, Census Tract 1201.03, Suffolk County, Massachusetts",701,41,0,12,58,30,231,57,206,50,124,51,82,34
1500000US250251201041,250251201041,"Block Group 1, Census Tract 1201.04, Suffolk County, Massachusetts",242,54,0,12,40,27,95,53,86,41,12,19,9,15
1500000US250251201042,250251201042,"Block Group 2, Census Tract 1201.04, Suffolk County, Massachusetts",377,66,0,12,41,32,187,65,149,56,0,12,0,12
1500000US250251201043,250251201043,"Block Group 3, Census Tract 1201.04, Suffolk County, Massachusetts",504,62,9,14,144,53,295,83,38,29,18,21,0,12
1500000US250251201051,250251201051,"Block Group 1, Census Tract 1201.05, Suffolk County, Massachusetts",257,50,0,12,0,12,28,22,95,31,105,49,29,27
1500000US250251201052,250251201052,"Block Group 2, Census Tract 1201.05, Suffolk County, Massachusetts",443,49,0,12,5,7,71,35,209,54,112,48,46,25
1500000US250251201053,250251201053,"Block Group 3, Census Tract 1201.05, Suffolk County, Massachusetts",261,45,0,12,0,12,105,32,72,30,73,36,11,14
1500000US250251202011,250251202011,"Block Group 1, Census Tract 1202.01, Suffolk County, Massachusetts",621,89,0,12,145,57,335,85,141,57,0,12,0,12
1500000US250251202012,250251202012,"Block Group 2, Census Tract 1202.01, Suffolk County, Massachusetts",982,97,128,58,104,58,553,107,185,75,12,18,0,12
1500000US250251202013,250251202013,"Block Group 3, Census Tract 1202.01, Suffolk County, Massachusetts",238,73,0,12,28,36,172,70,30,27,0,12,8,13
1500000US250251203011,250251203011,"Block Group 1, Census Tract 1203.01, Suffolk County, Massachusetts",511,117,11,18,32,50,207,95,223,107,38,29,0,12
1500000US250251203012,250251203012,"Block Group 2, Census Tract 1203.01, Suffolk County, Massachusetts",435,94,0,12,9,14,199,94,213,97,8,13,6,12
1500000US250251203013,250251203013,"Block Group 3, Census Tract 1203.01, Suffolk County, Massachusetts",558,114,0,12,10,15,282,92,172,84,76,51,18,20
1500000US250251203014,250251203014,"Block Group 4, Census Tract 1203.01, Suffolk County, Massachusetts",546,91,0,12,58,38,271,90,153,72,34,54,30,27
1500000US250251204001,250251204001,"Block Group 1, Census Tract 1204, Suffolk County, Massachusetts",400,121,43,66,6,11,125,73,74,85,137,113,15,25
1500000US250251204002,250251204002,"Block Group 2, Census Tract 1204, Suffolk County, Massachusetts",359,110,0,12,122,79,189,116,36,41,0,12,12,18
1500000US250251204003,250251204003,"Block Group 3, Census Tract 1204, Suffolk County, Massachusetts",431,76,0,12,14,23,184,69,133,59,63,56,37,50
1500000US250251204004,250251204004,"Block Group 4, Census Tract 1204, Suffolk County, Massachusetts",793,129,0,12,107,61,194,78,316,137,55,50,121,88
1500000US250251204005,250251204005,"Block Group 5, Census Tract 1204, Suffolk County, Massachusetts",884,142,55,86,263,106,281,107,213,113,46,58,26,41
1500000US250251205001,250251205001,"Block Group 1, Census Tract 1205, Suffolk County, Massachusetts",315,57,36,29,63,28,121,56,89,34,6,8,0,12
1500000US250251205002,250251205002,"Block Group 2, Census Tract 1205, Suffolk County, Massachusetts",371,64,0,12,6,8,142,52,142,64,62,39,19,18
1500000US250251205003,250251205003,"Block Group 3, Census Tract 1205, Suffolk County, Massachusetts",279,61,14,22,10,11,135,50,108,53,12,12,0,12
1500000US250251206001,250251206001,"Block Group 1, Census Tract 1206, Suffolk County, Massachusetts",351,72,0,12,90,48,58,36,174,66,16,16,13,13
1500000US250251206002,250251206002,"Block Group 2, Census Tract 1206, Suffolk County, Massachusetts",404,81,0,12,58,30,104,44,162,76,64,47,16,18
1500000US250251206003,250251206003,"Block Group 3, Census Tract 1206, Suffolk County, Massachusetts",340,63,0,12,46,50,121,45,147,53,22,19,4,8
1500000US250251207001,250251207001,"Block Group 1, Census Tract 1207, Suffolk County, Massachusetts",388,54,0,12,66,41,144,49,141,47,24,31,13,16
1500000US250251207002,250251207002,"Block Group 2, Census Tract 1207, Suffolk County, Massachusetts",711,58,20,17,195,58,385,70,95,40,4,7,12,13
1500000US250251301001,250251301001,"Block Group 1, Census Tract 1301, Suffolk County, Massachusetts",480,100,0,12,41,68,96,63,166,76,145,88,32,34
1500000US250251301002,250251301002,"Block Group 2, Census Tract 1301, Suffolk County, Massachusetts",926,132,0,12,411,115,451,156,49,44,15,22,0,12
1500000US250251301003,250251301003,"Block Group 3, Census Tract 1301, Suffolk County, Massachusetts",352,75,0,12,15,24,67,48,206,74,64,74,0,12
1500000US250251301004,250251301004,"Block Group 4, Census Tract 1301, Suffolk County, Massachusetts",297,72,0,12,0,12,63,35,172,76,62,55,0,12
1500000US250251301005,250251301005,"Block Group 5, Census Tract 1301, Suffolk County, Massachusetts",431,138,0,12,53,85,132,115,225,95,21,34,0,12
1500000US250251301006,250251301006,"Block Group 6, Census Tract 1301, Suffolk County, Massachusetts",114,66,14,24,0,12,46,41,33,39,21,33,0,12
1500000US250251301007,250251301007,"Block Group 7, Census Tract 1301, Suffolk County, Massachusetts",323,112,0,12,0,12,98,68,140,80,50,50,35,54
1500000US250251302001,250251302001,"Block Group 1, Census Tract 1302, Suffolk County, Massachusetts",236,61,0,12,0,12,61,36,122,60,32,22,21,23
1500000US250251302002,250251302002,"Block Group 2, Census Tract 1302, Suffolk County, Massachusetts",432,89,34,53,8,12,224,84,99,73,47,37,20,18
1500000US250251302003,250251302003,"Block Group 3, Census Tract 1302, Suffolk County, Massachusetts",603,89,4,6,46,47,178,69,156,65,126,57,93,52
1500000US250251302004,250251302004,"Block Group 4, Census Tract 1302, Suffolk County, Massachusetts",261,50,0,12,0,12,80,32,73,33,59,41,49,40
1500000US250251302005,250251302005,"Block Group 5, Census Tract 1302, Suffolk County, Massachusetts",418,78,0,12,30,26,158,73,144,60,66,49,20,18
1500000US250251303001,250251303001,"Block Group 1, Census Tract 1303, Suffolk County, Massachusetts",325,66,0,12,0,12,51,36,158,69,84,39,32,29
1500000US250251303002,250251303002,"Block Group 2, Census Tract 1303, Suffolk County, Massachusetts",459,83,4,8,56,50,86,53,121,44,126,50,66,38
1500000US250251303003,250251303003,"Block Group 3, Census Tract 1303, Suffolk County, Massachusetts",303,64,0,12,0,12,29,30,106,62,111,53,57,35
1500000US250251303004,250251303004,"Block Group 4, Census Tract 1303, Suffolk County, Massachusetts",479,92,0,12,32,38,204,80,168,83,65,50,10,16
1500000US250251303005,250251303005,"Block Group 5, Census Tract 1303, Suffolk County, Massachusetts",248,59,0,12,0,12,60,36,125,68,63,33,0,12
1500000US250251304021,250251304021,"Block Group 1, Census Tract 1304.02, Suffolk County, Massachusetts",476,107,0,12,124,83,132,54,127,85,76,70,17,27
1500000US250251304022,250251304022,"Block Group 2, Census Tract 1304.02, Suffolk County, Massachusetts",464,122,29,27,116,92,206,100,30,37,66,51,17,26
1500000US250251304023,250251304023,"Block Group 3, Census Tract 1304.02, Suffolk County, Massachusetts",477,120,0,12,11,19,253,129,120,56,80,58,13,22
1500000US250251304024,250251304024,"Block Group 4, Census Tract 1304.02, Suffolk County, Massachusetts",437,108,0,12,0,12,24,40,354,110,48,57,11,19
1500000US250251304025,250251304025,"Block Group 5, Census Tract 1304.02, Suffolk County, Massachusetts",432,109,47,58,0,12,230,121,100,67,55,53,0,12
1500000US250251304041,250251304041,"Block Group 1, Census Tract 1304.04, Suffolk County, Massachusetts",865,92,20,32,255,85,276,117,164,65,150,57,0,12
1500000US250251304042,250251304042,"Block Group 2, Census Tract 1304.04, Suffolk County, Massachusetts",242,52,0,12,24,14,82,49,104,55,32,28,0,12
1500000US250251304043,250251304043,"Block Group 3, Census Tract 1304.04, Suffolk County, Massachusetts",247,70,24,37,7,11,78,57,77,57,12,17,49,54
1500000US250251304061,250251304061,"Block Group 1, Census Tract 1304.06, Suffolk County, Massachusetts",1167,144,16,26,292,157,778,209,81,95,0,12,0,12
1500000US250251304062,250251304062,"Block Group 2, Census Tract 1304.06, Suffolk County, Massachusetts",1056,158,62,77,306,143,407,109,204,87,62,50,15,28
1500000US250251304063,250251304063,"Block Group 3, Census Tract 1304.06, Suffolk County, Massachusetts",168,67,0,12,59,55,37,48,47,44,16,23,9,18
1500000US250251401021,250251401021,"Block Group 1, Census Tract 1401.02, Suffolk County, Massachusetts",421,82,9,13,58,49,98,54,92,46,117,59,47,46
1500000US250251401022,250251401022,"Block Group 2, Census Tract 1401.02, Suffolk County, Massachusetts",404,69,29,22,96,45,132,67,119,41,11,18,17,20
1500000US250251401023,250251401023,"Block Group 3, Census Tract 1401.02, Suffolk County, Massachusetts",352,72,0,12,27,25,71,54,220,73,34,29,0,12
1500000US250251401024,250251401024,"Block Group 4, Census Tract 1401.02, Suffolk County, Massachusetts",593,91,9,14,0,12,114,45,367,101,103,57,0,12
1500000US250251401051,250251401051,"Block Group 1, Census Tract 1401.05, Suffolk County, Massachusetts",895,134,0,12,38,49,227,75,512,110,75,32,43,30
1500000US250251401052,250251401052,"Block Group 2, Census Tract 1401.05, Suffolk County, Massachusetts",477,124,23,39,12,20,66,59,303,120,73,60,0,12
1500000US250251401061,250251401061,"Block Group 1, Census Tract 1401.06, Suffolk County, Massachusetts",682,64,38,23,220,53,234,70,146,46,30,31,14,17
1500000US250251401062,250251401062,"Block Group 2, Census Tract 1401.06, Suffolk County, Massachusetts",209,54,16,18,66,45,95,51,32,25,0,12,0,12
1500000US250251401071,250251401071,"Block Group 1, Census Tract 1401.07, Suffolk County, Massachusetts",800,62,39,33,111,38,250,71,233,57,120,52,47,35
1500000US250251401072,250251401072,"Block Group 2, Census Tract 1401.07, Suffolk County, Massachusetts",316,61,0,12,30,26,117,50,122,54,47,33,0,12
1500000US250251402011,250251402011,"Block Group 1, Census Tract 1402.01, Suffolk County, Massachusetts",548,70,0,12,135,59,247,79,108,45,58,52,0,12
1500000US250251402012,250251402012,"Block Group 2, Census Tract 1402.01, Suffolk County, Massachusetts",423,64,31,46,9,11,82,42,170,55,92,42,39,30
1500000US250251402021,250251402021,"Block Group 1, Census Tract 1402.02, Suffolk County, Massachusetts",393,98,0,12,0,12,87,70,185,75,121,67,0,12
1500000US250251402022,250251402022,"Block Group 2, Census Tract 1402.02, Suffolk County, Massachusetts",543,119,0,12,46,61,155,93,309,105,23,26,10,16
1500000US250251402023,250251402023,"Block Group 3, Census Tract 1402.02, Suffolk County, Massachusetts",361,82,0,12,50,29,78,60,82,44,85,66,66,34
1500000US250251402024,250251402024,"Block Group 4, Census Tract 1402.02, Suffolk County, Massachusetts",613,105,40,46,121,81,91,42,286,79,40,28,35,28
1500000US250251402025,250251402025,"Block Group 5, Census Tract 1402.02, Suffolk County, Massachusetts",294,74,0,12,11,16,8,18,175,66,65,38,35,44
1500000US250251403001,250251403001,"Block Group 1, Census Tract 1403, Suffolk County, Massachusetts",489,144,0,12,75,94,77,69,64,68,77,74,196,143
1500000US250251403002,250251403002,"Block Group 2, Census Tract 1403, Suffolk County, Massachusetts",186,98,0,12,12,20,66,84,68,66,40,36,0,12
1500000US250251403003,250251403003,"Block Group 3, Census Tract 1403, Suffolk County, Massachusetts",831,170,55,67,448,152,113,98,203,98,0,12,12,20
1500000US250251403004,250251403004,"Block Group 4, Census Tract 1403, Suffolk County, Massachusetts",258,90,0,12,0,12,35,42,122,87,79,59,22,34
1500000US250251403005,250251403005,"Block Group 5, Census Tract 1403, Suffolk County, Massachusetts",452,165,95,74,0,12,128,100,167,126,48,49,14,23
1500000US250251403006,250251403006,"Block Group 6, Census Tract 1403, Suffolk County, Massachusetts",342,120,0,12,44,53,82,62,166,99,29,34,21,33
1500000US250251404001,250251404001,"Block Group 1, Census Tract 1404, Suffolk County, Massachusetts",251,90,0,12,85,66,127,85,26,34,13,21,0,12
1500000US250251404002,250251404002,"Block Group 2, Census Tract 1404, Suffolk County, Massachusetts",382,101,0,12,36,58,58,66,152,75,107,63,29,44
1500000US250251404003,250251404003,"Block Group 3, Census Tract 1404, Suffolk County, Massachusetts",399,128,0,12,57,68,132,101,135,72,39,43,36,40
1500000US250251404004,250251404004,"Block Group 4, Census Tract 1404, Suffolk County, Massachusetts",251,90,0,12,29,31,116,83,74,40,15,24,17,29
1500000US250251404005,250251404005,"Block Group 5, Census Tract 1404, Suffolk County, Massachusetts",610,128,0,12,13,21,270,122,189,98,82,68,56,48
1500000US250251404006,250251404006,"Block Group 6, Census Tract 1404, Suffolk County, Massachusetts",658,134,0,12,45,43,277,95,291,97,45,45,0,12
1500000US250251404007,250251404007,"Block Group 7, Census Tract 1404, Suffolk County, Massachusetts",472,114,37,55,56,47,255,108,124,76,0,12,0,12
1500000US250251601011,250251601011,"Block Group 1, Census Tract 1601.01, Suffolk County, Massachusetts",437,121,0,12,0,12,123,84,271,128,43,52,0,12
1500000US250251601012,250251601012,"Block Group 2, Census Tract 1601.01, Suffolk County, Massachusetts",584,136,94,72,35,28,148,85,196,113,95,68,16,28
1500000US250251601013,250251601013,"Block Group 3, Census Tract 1601.01, Suffolk County, Massachusetts",432,123,19,29,80,72,200,103,91,76,42,50,0,12
1500000US250251601014,250251601014,"Block Group 4, Census Tract 1601.01, Suffolk County, Massachusetts",535,124,31,48,49,43,214,118,148,88,34,56,59,50
1500000US250251601015,250251601015,"Block Group 5, Census Tract 1601.01, Suffolk County, Massachusetts",279,116,29,47,0,12,83,79,89,66,50,78,28,43
1500000US250251602001,250251602001,"Block Group 1, Census Tract 1602, Suffolk County, Massachusetts",409,85,38,42,37,30,78,52,224,83,0,12,32,39
1500000US250251602002,250251602002,"Block Group 2, Census Tract 1602, Suffolk County, Massachusetts",392,85,57,43,74,43,126,54,108,61,27,26,0,12
1500000US250251602003,250251602003,"Block Group 3, Census Tract 1602, Suffolk County, Massachusetts",465,83,54,50,49,44,158,67,160,67,44,44,0,12
1500000US250251603001,250251603001,"Block Group 1, Census Tract 1603, Suffolk County, Massachusetts",1126,100,214,89,408,112,409,78,76,32,19,30,0,12
1500000US250251603002,250251603002,"Block Group 2, Census Tract 1603, Suffolk County, Massachusetts",239,69,8,12,69,34,66,51,49,42,38,43,9,13
1500000US250251604001,250251604001,"Block Group 1, Census Tract 1604, Suffolk County, Massachusetts",416,62,16,14,77,35,209,56,73,42,41,30,0,12
1500000US250251604002,250251604002,"Block Group 2, Census Tract 1604, Suffolk County, Massachusetts",682,70,128,41,154,54,205,68,160,52,28,28,7,10
1500000US250251605011,250251605011,"Block Group 1, Census Tract 1605.01, Suffolk County, Massachusetts",715,112,42,49,98,58,293,114,212,99,36,31,34,36
1500000US250251605012,250251605012,"Block Group 2, Census Tract 1605.01, Suffolk County, Massachusetts",395,104,68,55,70,52,81,73,100,58,47,31,29,44
1500000US250251605013,250251605013,"Block Group 3, Census Tract 1605.01, Suffolk County, Massachusetts",156,75,10,17,0,12,64,58,29,26,17,26,36,38
1500000US250251605014,250251605014,"Block Group 4, Census Tract 1605.01, Suffolk County, Massachusetts",396,99,70,55,174,64,84,68,54,57,14,23,0,12
1500000US250251605015,250251605015,"Block Group 5, Census Tract 1605.01, Suffolk County, Massachusetts",283,95,33,35,48,37,109,67,60,61,33,41,0,12
1500000US250251605021,250251605021,"Block Group 1, Census Tract 1605.02, Suffolk County, Massachusetts",682,129,82,59,113,58,412,134,48,30,27,32,0,12
1500000US250251605022,250251605022,"Block Group 2, Census Tract 1605.02, Suffolk County, Massachusetts",639,132,37,43,15,17,257,124,221,101,97,96,12,15
1500000US250251605023,250251605023,"Block Group 3, Census Tract 1605.02, Suffolk County, Massachusetts",394,123,67,57,124,93,141,75,27,34,35,57,0,12
1500000US250251606011,250251606011,"Block Group 1, Census Tract 1606.01, Suffolk County, Massachusetts",1001,105,16,21,311,84,459,118,194,72,21,23,0,12
1500000US250251606012,250251606012,"Block Group 2, Census Tract 1606.01, Suffolk County, Massachusetts",567,89,0,12,52,37,262,89,198,86,21,19,34,27
1500000US250251606021,250251606021,"Block Group 1, Census Tract 1606.02, Suffolk County, Massachusetts",418,94,0,12,63,46,197,91,87,49,61,41,10,18
1500000US250251606022,250251606022,"Block Group 2, Census Tract 1606.02, Suffolk County, Massachusetts",337,86,0,12,59,68,154,74,102,58,15,25,7,13
1500000US250251606023,250251606023,"Block Group 3, Census Tract 1606.02, Suffolk County, Massachusetts",277,79,0,12,35,33,106,67,120,65,8,12,8,12
1500000US250251606024,250251606024,"Block Group 4, Census Tract 1606.02, Suffolk County, Massachusetts",347,89,0,12,8,13,202,93,117,56,20,21,0,12
1500000US250251606025,250251606025,"Block Group 5, Census Tract 1606.02, Suffolk County, Massachusetts",337,82,0,12,43,20,133,63,117,75,44,46,0,12
1500000US250251701001,250251701001,"Block Group 1, Census Tract 1701, Suffolk County, Massachusetts",623,140,170,104,115,90,147,78,160,78,31,31,0,12
1500000US250251701002,250251701002,"Block Group 2, Census Tract 1701, Suffolk County, Massachusetts",468,135,0,12,49,61,160,123,151,74,108,80,0,12
1500000US250251701003,250251701003,"Block Group 3, Census Tract 1701, Suffolk County, Massachusetts",224,88,0,12,27,24,108,76,66,47,23,26,0,12
1500000US250251701004,250251701004,"Block Group 4, Census Tract 1701, Suffolk County, Massachusetts",265,125,0,12,0,12,65,45,159,116,29,38,12,20
1500000US250251701005,250251701005,"Block Group 5, Census Tract 1701, Suffolk County, Massachusetts",519,155,0,12,157,124,33,34,206,100,123,87,0,12
1500000US250251701006,250251701006,"Block Group 6, Census Tract 1701, Suffolk County, Massachusetts",306,89,0,12,47,60,75,57,124,62,12,20,48,47
1500000US250251701007,250251701007,"Block Group 7, Census Tract 1701, Suffolk County, Massachusetts",608,157,0,12,190,112,223,119,99,92,84,108,12,19
1500000US250251702001,250251702001,"Block Group 1, Census Tract 1702, Suffolk County, Massachusetts",452,85,6,10,133,66,127,39,160,77,18,25,8,12
1500000US250251702002,250251702002,"Block Group 2, Census Tract 1702, Suffolk County, Massachusetts",453,96,0,12,41,42,97,55,180,71,113,84,22,23
1500000US250251702003,250251702003,"Block Group 3, Census Tract 1702, Suffolk County, Massachusetts",221,64,0,12,7,10,70,54,74,52,70,38,0,12
1500000US250251702004,250251702004,"Block Group 4, Census Tract 1702, Suffolk County, Massachusetts",653,134,54,58,69,41,181,88,308,112,35,30,6,10
1500000US250251703001,250251703001,"Block Group 1, Census Tract 1703, Suffolk County, Massachusetts",958,151,26,32,300,120,508,162,124,111,0,12,0,12
1500000US250251703002,250251703002,"Block Group 2, Census Tract 1703, Suffolk County, Massachusetts",420,149,39,43,99,82,118,117,146,115,18,28,0,12
1500000US250251703003,250251703003,"Block Group 3, Census Tract 1703, Suffolk County, Massachusetts",368,98,9,15,12,21,153,91,117,62,77,51,0,12
1500000US250251703004,250251703004,"Block Group 4, Census Tract 1703, Suffolk County, Massachusetts",568,132,0,12,18,27,154,77,260,114,61,46,75,70
1500000US250251703005,250251703005,"Block Group 5, Census Tract 1703, Suffolk County, Massachusetts",602,155,0,12,67,44,182,121,254,112,69,43,30,33
1500000US250251703006,250251703006,"Block Group 6, Census Tract 1703, Suffolk County, Massachusetts",651,165,0,12,61,76,354,151,164,107,59,70,13,21
1500000US250251703007,250251703007,"Block Group 7, Census Tract 1703, Suffolk County, Massachusetts",175,109,0,12,0,12,105,96,57,51,13,21,0,12
1500000US250251704001,250251704001,"Block Group 1, Census Tract 1704, Suffolk County, Massachusetts",516,129,0,12,173,116,136,76,157,97,20,27,30,31
1500000US250251704002,250251704002,"Block Group 2, Census Tract 1704, Suffolk County, Massachusetts",404,114,28,32,26,29,207,104,56,55,16,24,71,50
1500000US250251704003,250251704003,"Block Group 3, Census Tract 1704, Suffolk County, Massachusetts",344,94,0,12,74,50,127,76,106,71,37,38,0,12
1500000US250251704004,250251704004,"Block Group 4, Census Tract 1704, Suffolk County, Massachusetts",1089,168,38,57,544,166,222,124,214,121,48,44,23,33
1500000US250251705011,250251705011,"Block Group 1, Census Tract 1705.01, Suffolk County, Massachusetts",1133,116,85,67,263,122,560,109,177,84,8,13,40,41
1500000US250251705012,250251705012,"Block Group 2, Census Tract 1705.01, Suffolk County, Massachusetts",725,127,147,90,170,69,274,100,89,59,38,29,7,11
1500000US250251705021,250251705021,"Block Group 1, Census Tract 1705.02, Suffolk County, Massachusetts",483,111,0,12,10,17,127,65,219,84,107,54,20,23
1500000US250251705022,250251705022,"Block Group 2, Census Tract 1705.02, Suffolk County, Massachusetts",1046,119,89,65,365,114,400,105,111,59,69,45,12,20
1500000US250251706011,250251706011,"Block Group 1, Census Tract 1706.01, Suffolk County, Massachusetts",505,94,0,12,94,51,158,72,205,78,40,29,8,12
1500000US250251706012,250251706012,"Block Group 2, Census Tract 1706.01, Suffolk County, Massachusetts",696,101,8,12,176,91,238,87,187,80,78,54,9,13
1500000US250251706013,250251706013,"Block Group 3, Census Tract 1706.01, Suffolk County, Massachusetts",401,88,0,12,84,62,178,62,78,35,41,34,20,20
1500000US250251706014,250251706014,"Block Group 4, Census Tract 1706.01, Suffolk County, Massachusetts",398,79,19,29,34,23,123,60,140,62,39,23,43,47
1500000US250251707011,250251707011,"Block Group 1, Census Tract 1707.01, Suffolk County, Massachusetts",396,67,43,39,146,60,182,50,22,19,0,12,3,7
1500000US250251707012,250251707012,"Block Group 2, Census Tract 1707.01, Suffolk County, Massachusetts",656,77,67,45,215,65,217,64,140,64,11,14,6,9
1500000US250251707021,250251707021,"Block Group 1, Census Tract 1707.02, Suffolk County, Massachusetts",416,160,0,12,145,108,215,124,0,12,56,69,0,12
1500000US250251707022,250251707022,"Block Group 2, Census Tract 1707.02, Suffolk County, Massachusetts",331,133,0,12,0,12,239,137,44,48,48,52,0,12
1500000US250251707023,250251707023,"Block Group 3, Census Tract 1707.02, Suffolk County, Massachusetts",499,162,0,12,18,35,256,142,136,92,89,84,0,12
1500000US250251707024,250251707024,"Block Group 4, Census Tract 1707.02, Suffolk County, Massachusetts",312,117,0,12,0,12,120,85,77,58,91,106,24,39
1500000US250251707025,250251707025,"Block Group 5, Census Tract 1707.02, Suffolk County, Massachusetts",706,181,24,39,209,89,187,119,259,175,27,53,0,12
1500000US250251708001,250251708001,"Block Group 1, Census Tract 1708, Suffolk County, Massachusetts",686,165,0,12,171,105,321,149,150,92,44,38,0,12
1500000US250251708002,250251708002,"Block Group 2, Census Tract 1708, Suffolk County, Massachusetts",537,158,0,12,160,124,172,107,167,87,38,36,0,12
1500000US250251708003,250251708003,"Block Group 3, Census Tract 1708, Suffolk County, Massachusetts",414,141,8,20,0,12,100,72,214,114,81,90,11,18
1500000US250251708004,250251708004,"Block Group 4, Census Tract 1708, Suffolk County, Massachusetts",543,112,0,12,120,91,162,98,139,69,74,66,48,56
1500000US250251801011,250251801011,"Block Group 1, Census Tract 1801.01, Suffolk County, Massachusetts",603,120,13,21,172,99,252,97,85,75,59,46,22,27
1500000US250251801012,250251801012,"Block Group 2, Census Tract 1801.01, Suffolk County, Massachusetts",677,123,0,12,246,93,187,76,197,108,25,24,22,25
1500000US250251801013,250251801013,"Block Group 3, Census Tract 1801.01, Suffolk County, Massachusetts",1178,153,13,21,456,100,495,135,162,81,12,21,40,37
1500000US250251802001,250251802001,"Block Group 1, Census Tract 1802, Suffolk County, Massachusetts",426,84,0,12,9,14,119,55,219,84,50,29,29,25
1500000US250251802002,250251802002,"Block Group 2, Census Tract 1802, Suffolk County, Massachusetts",313,66,0,12,18,22,79,39,123,50,93,61,0,12
1500000US250251802003,250251802003,"Block Group 3, Census Tract 1802, Suffolk County, Massachusetts",384,78,11,17,117,68,93,44,113,53,44,31,6,9
1500000US250251802004,250251802004,"Block Group 4, Census Tract 1802, Suffolk County, Massachusetts",586,87,0,12,94,50,208,78,207,72,67,40,10,15
1500000US250251803011,250251803011,"Block Group 1, Census Tract 1803.01, Suffolk County, Massachusetts",292,71,0,12,8,13,41,31,124,55,85,61,34,53
1500000US250251803012,250251803012,"Block Group 2, Census Tract 1803.01, Suffolk County, Massachusetts",338,79,26,42,17,20,70,48,153,67,26,24,46,39
1500000US250251803013,250251803013,"Block Group 3, Census Tract 1803.01, Suffolk County, Massachusetts",287,54,0,12,8,13,99,54,71,37,71,40,38,27
1500000US250251803014,250251803014,"Block Group 4, Census Tract 1803.01, Suffolk County, Massachusetts",314,65,0,12,19,22,98,44,68,50,64,48,65,37
1500000US250251804001,250251804001,"Block Group 1, Census Tract 1804, Suffolk County, Massachusetts",360,59,0,12,51,27,96,42,115,41,37,29,61,45
1500000US250251804002,250251804002,"Block Group 2, Census Tract 1804, Suffolk County, Massachusetts",414,57,0,12,31,34,101,57,171,55,75,31,36,27
1500000US250251805001,250251805001,"Block Group 1, Census Tract 1805, Suffolk County, Massachusetts",684,108,8,12,188,90,278,118,143,70,54,42,13,16
1500000US250251805002,250251805002,"Block Group 2, Census Tract 1805, Suffolk County, Massachusetts",241,59,0,12,0,12,80,49,134,59,27,25,0,12
1500000US250251805003,250251805003,"Block Group 3, Census Tract 1805, Suffolk County, Massachusetts",573,108,9,13,76,49,151,80,280,92,26,29,31,30
1500000US250251805004,250251805004,"Block Group 4, Census Tract 1805, Suffolk County, Massachusetts",485,78,0,12,43,35,216,78,191,73,26,26,9,17
1500000US250259801011,250259801011,"Block Group 1, Census Tract 9801.01, Suffolk County, Massachusetts",0,12,0,12,0,12,0,12,0,12,0,12,0,12
1500000US250259803001,250259803001,"Block Group 1, Census Tract 9803, Suffolk County, Massachusetts",0,12,0,12,0,12,0,12,0,12,0,12,0,12
1500000US250259807001,250259807001,"Block Group 1, Census Tract 9807, Suffolk County, Massachusetts",6,6,0,12,0,12,0,12,3,5,3,5,0,12
1500000US250259810001,250259810001,"Block Group 1, Census Tract 9810, Suffolk County, Massachusetts",0,12,0,12,0,12,0,12,0,12,0,12,0,12
1500000US250259811001,250259811001,"Block Group 1, Census Tract 9811, Suffolk County, Massachusetts",0,12,0,12,0,12,0,12,0,12,0,12,0,12
1500000US250259811002,250259811002,"Block Group 2, Census Tract 9811, Suffolk County, Massachusetts",0,12,0,12,0,12,0,12,0,12,0,12,0,12
1500000US250259811003,250259811003,"Block Group 3, Census Tract 9811, Suffolk County, Massachusetts",5,7,0,12,0,12,5,7,0,12,0,12,0,12
1500000US250259811004,250259811004,"Block Group 4, Census Tract 9811, Suffolk County, Massachusetts",163,58,0,12,10,10,113,51,21,18,19,19,0,12
1500000US250259812011,250259812011,"Block Group 1, Census Tract 9812.01, Suffolk County, Massachusetts",0,12,0,12,0,12,0,12,0,12,0,12,0,12
1500000US250259812021,250259812021,"Block Group 1, Census Tract 9812.02, Suffolk County, Massachusetts",0,12,0,12,0,12,0,12,0,12,0,12,0,12
1500000US250259813001,250259813001,"Block Group 1, Census Tract 9813, Suffolk County, Massachusetts",0,12,0,12,0,12,0,12,0,12,0,12,0,12
1500000US250259813002,250259813002,"Block Group 2, Census Tract 9813, Suffolk County, Massachusetts",274,46,110,48,89,29,12,12,63,32,0,12,0,12
1500000US250259815011,250259815011,"Block Group 1, Census Tract 9815.01, Suffolk County, Massachusetts",0,12,0,12,0,12,0,12,0,12,0,12,0,12
1500000US250259815021,250259815021,"Block Group 1, Census Tract 9815.02, Suffolk County, Massachusetts",0,12,0,12,0,12,0,12,0,12,0,12,0,12
1500000US250259816001,250259816001,"Block Group 1, Census Tract 9816, Suffolk County, Massachusetts",0,12,0,12,0,12,0,12,0,12,0,12,0,12
1500000US250259817001,250259817001,"Block Group 1, Census Tract 9817, Suffolk County, Massachusetts",0,12,0,12,0,12,0,12,0,12,0,12,0,12
1500000US250259818001,250259818001,"Block Group 1, Census Tract 9818, Suffolk County, Massachusetts",30,19,0,12,0,12,7,8,6,7,17,18,0,12
1500000US250259901010,250259901010,"Block Group 0, Census Tract 9901.01, Suffolk County, Massachusetts",0,12,0,12,0,12,0,12,0,12,0,12,0,12
